respondent_id,sex,age_in_year,height_feet,weight_in_kg,level_of_education,marital_status,occupation,socio_economic_status,how_many_time_do_you_work_at_your_work_place_in_hours,do_you_have_any_health_changes_for_heatwaves_than_from_normal_weather,have_you_experienced_any_physical_health_issues_during_heatwaves,physical_health_issues_you_have_experienced_during_heatwaves,have_you_noticed_any_changes_in_your_mental_health_during_heatwaves,mental_health_issues_you_have_experienced_during_heatwaves,did_the_heatwaves_impact_your_sleeping_patterns,do_you_experience_changes_in_your_eating_habits_during_heatwaves,types_of_food_consume_more_frequently,how_much_water_you_consume_during_heatwaves,do_you_prioritize_hydration_and_consume_more_fluids_during_heatwaves,how_does_the_heatwave_affect_your_work_performance,have_you_observed_a_decrease_in_your_work_productivity_during_heatwaves,do_you_receive_any_support_or_accommodations_from_your_employer_to_cope_with_heatwaves_and_maintain_work_performance,did_heatwaves_effect_your_monthly_income,do_you_face_any_financial_challenges_during_heatwaves,are_you_financially_prepared_to_handle_unexpected_expenses_related_to_heatwaves,did_you_have_access_to_colling_facilities,if_yes_which_coolling_facilities_you_have_used
1,Female,26,5'2'',62,Higher Secondary,Married,Student,Middle,3,Yes,Yes,"Fever, Skin problems",Yes,"Anxiety, Lack of focus",Yes,"No, my eating habits remain the same","Water, Fruits",Less than 2 liter,"Yes, I drink more water",Decreased energy levels,"Yes, my productivity decreases","Yes, frequent breaks and access to shaded areas",Remaining same,"Yes, increased utility bills (e.g., air conditioning,fan)","No, I would struggle to handle unexpected expenses",Yes,Electric fan
2,Male,24,"5.8""",55,Graduate,Unmarried,Student,Middle,6-7,Yes,No,Dehydration,Yes,"Increased stress, Lack of focus",Yes,"Yes, I eat less",Cold Drinks,Less than 2 liter,"No, my fluid intake remains the same",Decreased energy levels,"Yes, my productivity decreases","Yes, frequent breaks and access to shaded areas",Remaining same,"No, no significant financial challenges","Yes, I have savings or a financial safety net",Yes,"Electric fan, Home made fan"
3,Male,27,5 feet 6 inches,58,Graduate,Unmarried,Student,Middle,,Yes,Yes,Fever,Yes,Increased stress,Yes,"Yes, I eat less",Water,4 liter,"Yes, I drink more water",□Reduced physical stamina,"Yes, my productivity decreases","Yes, frequent breaks and access to shaded areas",Remaining same,"Yes, increased utility bills (e.g., air conditioning,fan)","No, I would struggle to handle unexpected expenses",Yes,Charging fan
4,Male,24,5 feet 3,54,Graduate,Unmarried,Student,Middle,5,Yes,Yes,"Dehydration, Fever, Skin problems",Yes,"Increased stress, Depression, Lack of focus",Yes,"Yes, I eat less",Water,4 liter,"Yes, I drink more water","Decreased energy levels, □Reduced physical stamina","Yes, my productivity decreases","No, no specific support or accommodations provided",I earn less,"Yes, additional costs for personal protective equipment suitable for heat","No, I would struggle to handle unexpected expenses",Yes,Air condition
5,Male,45,"5'4""",62,Secondary,Married,Sales man,Middle,8 hour ,Yes,Yes,"Dehydration, Skin problems",Yes,"Anxiety, Depression, Lack of focus",Yes,"Yes, I eat less","Water, Saline",5 liter,"Yes, I drink more water","Decreased energy levels, □Reduced physical stamina","Yes, my productivity decreases","Yes, frequent breaks and access to shaded areas",I earn less,"Yes, increased utility bills (e.g., air conditioning,fan)","No, I would struggle to handle unexpected expenses",Yes,Electric fan
6,Male,33,"5'6""",78,Secondary,Married,security guard,Poor,8 hour,Yes,Yes,"Dehydration, Skin problems",Yes,"Anxiety, Lack of focus",Yes,"Yes, I eat less","Water, Saline",4 liter,"Yes, I drink more water","Decreased energy levels, □Reduced physical stamina, Difficulty concentrating","Yes, my productivity decreases","Yes, frequent breaks and access to shaded areas",I earn less,"Yes, increased utility bills (e.g., air conditioning,fan)","No, I would struggle to handle unexpected expenses",Yes,Electric fan
7,Female,35,5 feet 2 inch,60,Graduate,Married,Service Holder,Middle,7,Yes,Yes,"Dehydration, Fever",Yes,"Anxiety, Lack of focus",Yes,"Yes, I eat less","Cold Drinks, Water, Saline, Fruits",5 liter,"Yes, I drink more water",Decreased energy levels,"No, my productivity remains the same","No, no specific support or accommodations provided",Remaining same,"Yes, increased utility bills (e.g., air conditioning,fan)","Yes, I have savings or a financial safety net",Yes,"Electric fan, Charging fan, Home made fan"
8,Male,42,"5'6""",75,Secondary,Married,Service Holder,Rich,6h,Yes,Yes,Dehydration,Yes,"Increased stress, Anxiety, Lack of focus",Yes,,"Water, Fruits",4 liter,"No, my fluid intake remains the same","Decreased energy levels, Difficulty concentrating","Yes, my productivity decreases",,Remaining same,"Yes, increased utility bills (e.g., air conditioning,fan)","Yes, I have savings or a financial safety net",Yes,"Electric fan, Charging fan"
9,Male,48,"5'5""",58,Secondary,Married,Rickshawpuller,Poorest,10,Yes,Yes,"Dehydration, Skin problems, headache ",Yes,"Increased stress, Anxiety, Lack of focus",Yes,"Yes, I eat more","Cold Drinks, Water, Saline, liquid food",4 liter,"Yes, I drink more water","Decreased energy levels, □Reduced physical stamina, Difficulty concentrating","Yes, my productivity decreases","Yes, frequent breaks and access to shaded areas",I earn less,"Yes, increased utility bills (e.g., air conditioning,fan)","No, I would struggle to handle unexpected expenses",Yes,Electric fan
10,Male,36,"5'3""",52,Secondary,Married,Businessman,Middle,8,Yes,Yes,"Dehydration, Skin problems",Yes,"Increased stress, Anxiety, Lack of focus",Yes,"Yes, I eat less","Water, Saline",5 liter,"Yes, I drink more water","Decreased energy levels, □Reduced physical stamina","Yes, my productivity decreases","Yes, frequent breaks and access to shaded areas",I earn less,"Yes, increased utility bills (e.g., air conditioning,fan)","No, I would struggle to handle unexpected expenses",Yes,Electric fan
11,Male,45,"5'6""",60,Primary,Married,Farmer,Poor,8,Yes,Yes,"Dehydration, Skin problems, headache ",Yes,"Increased stress, Anxiety, Lack of focus",Yes,"Yes, I eat less","Water, Saline",4 liter,"Yes, I drink more water","Decreased energy levels, □Reduced physical stamina, Difficulty concentrating","Yes, my productivity decreases","Yes, frequent breaks and access to shaded areas",I earn less,"Yes, increased utility bills (e.g., air conditioning,fan)","No, I would struggle to handle unexpected expenses",Yes,Electric fan
12,Male,40,"5'5""",55,Primary,Married,Sales man,Poorest,15,Yes,Yes,"Dehydration, Skin problems",Yes,"Anxiety, Depression",Yes,"No, my eating habits remain the same","Water, liquid",5 liter,"Yes, I drink more water","Decreased energy levels, □Reduced physical stamina","No, my productivity remains the same","No, no specific support or accommodations provided",Remaining same,"Yes, increased utility bills (e.g., air conditioning,fan)","No, I would struggle to handle unexpected expenses",Yes,Electric fan
13,Male,22,"5'6""",68,under graduate,Unmarried,Student,Middle,3,Yes,Yes,"Dehydration, headache",Yes,"Increased stress, Anxiety, Lack of focus",Yes,"Yes, I eat less","Cold Drinks, Water, Saline",4 liter,"Yes, I drink more water","Decreased energy levels, □Reduced physical stamina","Yes, my productivity decreases","Yes, frequent breaks and access to shaded areas",Remaining same,"Yes, increased utility bills (e.g., air conditioning,fan)","No, I would struggle to handle unexpected expenses",Yes,Electric fan
14,Male,23,"5'5""",63,Higher Secondary,Unmarried,unemployed ,Poorest,3,Yes,Yes,"Dehydration, Skin problems",Yes,"Anxiety, Depression",Yes,"Yes, I eat less","Cold Drinks, Water",4 liter,"No, my fluid intake remains the same","Decreased energy levels, Difficulty concentrating","No, my productivity remains the same","Yes, frequent breaks and access to shaded areas",I earn less,"Yes, increased utility bills (e.g., air conditioning,fan)","No, I would struggle to handle unexpected expenses",Yes,Electric fan
15,Female,35,"5'2""",70,Primary,Married,house wife,Middle,8,Yes,Yes,"Dehydration, Skin problems",Yes,"Anxiety, Lack of focus",No,"Yes, I eat less",Water,3 liter,"No, my fluid intake remains the same",Decreased energy levels,"Yes, my productivity decreases","Yes, frequent breaks and access to shaded areas",Remaining same,"Yes, increased utility bills (e.g., air conditioning,fan)","No, I would struggle to handle unexpected expenses",Yes,Electric fan
16,Female,19,5,46,Secondary,Married,house wife,Middle,8,Yes,Yes,"Dehydration, Skin problems",Yes,"Anxiety, Depression",Yes,"Yes, I eat less","Cold Drinks, Water",3 liter,"No, my fluid intake remains the same","Decreased energy levels, □Reduced physical stamina, Difficulty concentrating","No, my productivity remains the same","Yes, frequent breaks and access to shaded areas",Remaining same,"Yes, increased utility bills (e.g., air conditioning,fan)","No, I would struggle to handle unexpected expenses",Yes,Electric fan
17,Male,50,"5'7""",58,Primary,Married,producer,Poor,6,Yes,Yes,"Dehydration, Skin problems",Yes,"Anxiety, Depression, Lack of focus",Yes,"No, my eating habits remain the same","Cold Drinks, Water",4 liter,"No, my fluid intake remains the same",□Reduced physical stamina,"No, my productivity remains the same","Yes, frequent breaks and access to shaded areas",I earn less,"Yes, increased utility bills (e.g., air conditioning,fan)","No, I would struggle to handle unexpected expenses",Yes,Electric fan
18,Male,58,"5'4""",50,Primary,Married,Farmer,Poorest,8,Yes,Yes,"Dehydration, headache",Yes,"Anxiety, Lack of focus",No,"No, my eating habits remain the same","Water, Saline, liquid food",4 liter,"No, my fluid intake remains the same","Decreased energy levels, □Reduced physical stamina, Difficulty concentrating","Yes, my productivity decreases","Yes, frequent breaks and access to shaded areas",I earn less,"Yes, increased utility bills (e.g., air conditioning,fan)","No, I would struggle to handle unexpected expenses",Yes,Electric fan
19,Male,26,"5'6""",75,Secondary,Married,Construction Worker,Middle,8,Yes,Yes,Dehydration,Yes,"Increased stress, Anxiety, Depression, Lack of focus",Yes,"Yes, I eat more","Water, Saline",5 liter,"Yes, I drink more water","Decreased energy levels, □Reduced physical stamina","Yes, my productivity decreases","Yes, frequent breaks and access to shaded areas",I earn less,"Yes, increased utility bills (e.g., air conditioning,fan)","No, I would struggle to handle unexpected expenses",Yes,"Electric fan, Charging fan"
20,Female,31,"5'3""",52,Higher Secondary,Married,house wife,Middle,,Yes,Yes,"Dehydration, Skin problems",Yes,"Anxiety, Lack of focus",No,"No, my eating habits remain the same",Water,4 liter,"No, my fluid intake remains the same",Decreased energy levels,"No, my productivity remains the same","Yes, frequent breaks and access to shaded areas",Remaining same,"Yes, increased utility bills (e.g., air conditioning,fan)","No, I would struggle to handle unexpected expenses",Yes,"Electric fan, home made"
21,Female,37,"5'2""",59,Graduate,Married,Sales man,Rich,7,Yes,Yes,"Dehydration, Skin problems",Yes,"Increased stress, Anxiety",Yes,"Yes, I eat less",Water,3 liter,"Yes, I drink more water","Decreased energy levels, □Reduced physical stamina, Difficulty concentrating","No, my productivity remains the same","Yes, frequent breaks and access to shaded areas",Remaining same,"Yes, increased utility bills (e.g., air conditioning,fan)","Yes, I have savings or a financial safety net",Yes,"Electric fan, Charging fan, Home made fan"
22,Male,44,"5'8""",78,Graduate,Married,Sales man,Middle,8,Yes,Yes,"Dehydration, Skin problems",Yes,"Anxiety, Depression",Yes,"Yes, I eat less","Cold Drinks, Water",3 liter,"Yes, I drink more water","Decreased energy levels, □Reduced physical stamina","Yes, my productivity decreases","No, no specific support or accommodations provided",Remaining same,"Yes, increased utility bills (e.g., air conditioning,fan)","No, I would struggle to handle unexpected expenses",Yes,"Electric fan, Charging fan, Home made fan"
23,Male,26,"5'9""",58,Graduate,Married,Sales man,Rich,12,Yes,Yes,Dehydration,Yes,"Anxiety, Depression",No,"No, my eating habits remain the same","Cold Drinks, Water",5 liter,"Yes, I drink more water",No noticeable impact,"Yes, my productivity decreases","Yes, frequent breaks and access to shaded areas",I earn more,"Yes, increased utility bills (e.g., air conditioning,fan)","No, I would struggle to handle unexpected expenses",Yes,"Electric fan, Home made fan"
24,Male,23,"5'8""",92,Higher Secondary,Married,Sales man,Middle,12,Yes,Yes,"Dehydration, Skin problems",Yes,"Anxiety, Depression",No,"No, my eating habits remain the same",Water,4 liter,"Yes, I drink more water","Decreased energy levels, □Reduced physical stamina","No, my productivity remains the same","Yes, frequent breaks and access to shaded areas",I earn less,"Yes, increased utility bills (e.g., air conditioning,fan)","No, I would struggle to handle unexpected expenses",Yes,"Electric fan, Home made fan"
25,Male,52,"5'6""",58,Higher Secondary,Married,Sales man,Poor,12,Yes,Yes,"Dehydration, Skin problems",Yes,"Increased stress, Anxiety, Depression",Yes,"Yes, I eat less",Water,3 liter,"Yes, I drink more water",No noticeable impact,"No, my productivity remains the same","No, no specific support or accommodations provided",I earn less,"Yes, increased utility bills (e.g., air conditioning,fan)","No, I would struggle to handle unexpected expenses",Yes,No
26,Male,42,"5'6""",74,Higher Secondary,Married,Sales man,Middle,12,Yes,Yes,"Dehydration, headache",Yes,"Anxiety, Depression",Yes,"Yes, I eat less","Cold Drinks, Water",4 liter,"No, my fluid intake remains the same","Decreased energy levels, □Reduced physical stamina","Yes, my productivity decreases","Yes, frequent breaks and access to shaded areas",I earn less,"Yes, increased utility bills (e.g., air conditioning,fan)","No, I would struggle to handle unexpected expenses",Yes,"Electric fan, Charging fan"
27,Male,40,"5'5""",70,Primary,Married,Farmer,Poor,6,Yes,Yes,"Dehydration, Skin problems",Yes,"Increased stress, Anxiety",No,"No, my eating habits remain the same",Water,4 liter,"Yes, I drink more water",Decreased energy levels,"Yes, my productivity decreases","Yes, frequent breaks and access to shaded areas",Remaining same,"Yes, increased utility bills (e.g., air conditioning,fan)","No, I would struggle to handle unexpected expenses",Yes,Electric fan
28,Male,65,"5'5""",60,Illiterate,Married,Farmer,Poor,6,Yes,Yes,"Dehydration, headache",Yes,"Decreased motivation, Lack of focus",Yes,"Yes, I eat less",Water,Less than 2 liter,"No, my fluid intake remains the same","Decreased energy levels, Difficulty concentrating","Yes, my productivity decreases","Yes, frequent breaks and access to shaded areas",I earn less,"Yes, increased utility bills (e.g., air conditioning,fan)","No, I would struggle to handle unexpected expenses",Yes,Electric fan
29,Male,34,"5'4""",58,Secondary,Married,Farmer,Poor,12,Yes,Yes,"Dehydration, headache",Yes,"Increased stress, Anxiety",Yes,"No, my eating habits remain the same",Water,5 liter,"Yes, I drink more water",No noticeable impact,"Yes, my productivity decreases","No, no specific support or accommodations provided",Remaining same,"Yes, increased utility bills (e.g., air conditioning,fan)","No, I would struggle to handle unexpected expenses",Yes,"Electric fan, Charging fan"
30,Male,33,"5'4""",65,Graduate,Married,Health educator,Middle,8,Yes,Yes,"Skin problems, headache",Yes,Anxiety,No,"No, my eating habits remain the same",Water,Less than 2 liter,"Yes, I drink more water",□Reduced physical stamina,"Yes, my productivity decreases","Yes, frequent breaks and access to shaded areas",Remaining same,"Yes, increased utility bills (e.g., air conditioning,fan)","No, I would struggle to handle unexpected expenses",Yes,"Electric fan, Charging fan, Home made fan"
31,Male,20,"5'6""",52,Degree,Married,supervisor,Poor,12,Yes,Yes,Dehydration,Yes,"Increased stress, Depression",No,"Yes, I eat less","Cold Drinks, Water",More than 5 liter,"Yes, I drink more water",Decreased energy levels,"Yes, my productivity decreases","Yes, frequent breaks and access to shaded areas",I earn less,"Yes, increased utility bills (e.g., air conditioning,fan)","No, I would struggle to handle unexpected expenses",Yes,Electric fan
32,Male,25,"5'4""",58,Higher Secondary,Unmarried,Student,Middle,6,No,Yes,Dehydration,Yes,Anxiety,Yes,"No, my eating habits remain the same","Water, Saline",3 liter,"Yes, I drink more water",Decreased energy levels,"No, my productivity remains the same","Yes, frequent breaks and access to shaded areas",Remaining same,"Yes, additional costs for personal protective equipment suitable for heat","No, I would struggle to handle unexpected expenses",Yes,Electric fan
33,Male,22,"5'10""",63,undergraduate ,Unmarried,Student,Middle,3,Yes,Yes,"Dehydration, Skin problems",Yes,"Decreased motivation, Anxiety, Depression",Yes,"Yes, I eat less","Cold Drinks, Water",3 liter,"Yes, I drink more water",Decreased energy levels,"Yes, my productivity decreases","Yes, frequent breaks and access to shaded areas",I earn less,"Yes, additional costs for personal protective equipment suitable for heat","No, I would struggle to handle unexpected expenses",Yes,"Electric fan, Charging fan"
34,Male,23,"5'7""",60,undergraduate ,Unmarried,Student,Poor,3,Yes,Yes,Skin problems,Yes,Anxiety,Yes,"No, my eating habits remain the same",Cold Drinks,More than 5 liter,"Yes, I drink more water",Decreased energy levels,"Yes, my productivity decreases","No, no specific support or accommodations provided",Remaining same,"Yes, increased utility bills (e.g., air conditioning,fan)","No, I would struggle to handle unexpected expenses",No,none
35,Male,20,"5'5""",85,undergraduate ,Unmarried,Student,Rich,5,Yes,No,Dehydration,Yes,Anxiety,Yes,"Yes, I eat more","Water, Saline, fast food",5 liter,"Yes, I drink more water","Decreased energy levels, □Reduced physical stamina, Difficulty concentrating","Yes, my productivity decreases","No, no specific support or accommodations provided",Remaining same,"Yes, increased utility bills (e.g., air conditioning,fan)","No, I would struggle to handle unexpected expenses",Yes,"Electric fan, Charging fan"
36,Male,20,"5'7""",52,undergraduate ,Unmarried,Student,Rich,3 h,No,Yes,Dehydration,Yes,Anxiety,No,"No, my eating habits remain the same",Cold Drinks,3 liter,"No, my fluid intake remains the same",No noticeable impact,"No, my productivity remains the same","No, no specific support or accommodations provided",Remaining same,"Yes, increased utility bills (e.g., air conditioning,fan)","No, I would struggle to handle unexpected expenses",Yes,"Electric fan, Home made fan"
37,Male,20,"5'6""",65,undergraduate ,Unmarried,Student,Middle,none,Yes,Yes,Dehydration,Yes,"Anxiety, Depression, Lack of focus",Yes,"No, my eating habits remain the same",Cold Drinks,4 liter,"Yes, I drink more water",□Reduced physical stamina,"Yes, my productivity decreases","Yes, frequent breaks and access to shaded areas",Remaining same,"Yes, additional costs for personal protective equipment suitable for heat","No, I would struggle to handle unexpected expenses",No,Home made fan
38,Male,45,"5'2""",54,Secondary,Married,Sales man,Poor,14,Yes,Yes,Dehydration,Yes,"Anxiety, Lack of focus",No,"No, my eating habits remain the same",As usual,3 liter,"Yes, I drink more water",No noticeable impact,"No, my productivity remains the same","No, no specific support or accommodations provided",Remaining same,"Yes, increased utility bills (e.g., air conditioning,fan)","No, I would struggle to handle unexpected expenses",Yes,"Electric fan, Home made fan"
39,Male,24,"5'4""",56,Graduate,Unmarried,Student,Middle,3,Yes,Yes,Dehydration,Yes,Lack of focus,Yes,"No, my eating habits remain the same",Water,5 liter,"Yes, I drink more water",□Reduced physical stamina,"No, my productivity remains the same","No, no specific support or accommodations provided",Remaining same,"Yes, increased utility bills (e.g., air conditioning,fan)","No, I would struggle to handle unexpected expenses",No,
40,Female,24,"5'2""",58,undergraduate ,Married,Student,Middle,3,Yes,Yes,"Dehydration, Skin problems",Yes,Anxiety,Yes,"Yes, I eat less",Water,5 liter,"Yes, I drink more water",□Reduced physical stamina,"Yes, my productivity decreases","No, no specific support or accommodations provided",Remaining same,"Yes, additional costs for personal protective equipment suitable for heat","No, I would struggle to handle unexpected expenses",Yes,"Electric fan, Home made fan"
41,Male,25,"5'4""",60,Undergraduate ,Unmarried,Student,Middle,3,Yes,Yes,Dehydration,No,Depression,Yes,"Yes, I eat less",Water,4 liter,"Yes, I drink more water",Difficulty concentrating,"Yes, my productivity decreases","Yes, frequent breaks and access to shaded areas",Remaining same,"No, no significant financial challenges","Yes, I have savings or a financial safety net",Yes,"Electric fan, Home made fan"
42,Male,26,"5'4""",61,undergraduate ,Unmarried,Student,Middle,6,Yes,Yes,Skin problems,Yes,Lack of focus,Yes,"Yes, I eat less",Water,4 liter,"Yes, I drink more water",Difficulty concentrating,"Yes, my productivity decreases","Yes, frequent breaks and access to shaded areas",Remaining same,"No, no significant financial challenges","Yes, I have savings or a financial safety net",Yes,Electric fan
43,Female,24,"5'1""",52,Undergraduate ,Unmarried,Student,Middle,,Yes,Yes,"Dehydration, Skin problems",Yes,Lack of focus,Yes,"Yes, I eat less","Cold Drinks, Water",3 liter,"Yes, I drink more water",Decreased energy levels,"Yes, my productivity decreases","Yes, frequent breaks and access to shaded areas",Remaining same,"No, no significant financial challenges","No, I would struggle to handle unexpected expenses",Yes,Electric fan
44,Male,25,"5'5""",68,Graduate,Unmarried,Student,Poor,4,Yes,Yes,Dehydration,Yes,Lack of focus,Yes,"Yes, I eat less",Water,4 liter,"Yes, I drink more water",Difficulty concentrating,"Yes, my productivity decreases","Yes, frequent breaks and access to shaded areas",Remaining same,"No, no significant financial challenges","No, I would struggle to handle unexpected expenses",Yes,"Electric fan, Home made fan"
45,Female,25,"5'3""",53,undergraduate ,Unmarried,Student,Middle,4,Yes,Yes,Dehydration,Yes,Lack of focus,Yes,"Yes, I eat less",Cold Drinks,3 liter,"Yes, I drink more water",Decreased energy levels,"Yes, my productivity decreases","No, no specific support or accommodations provided",Remaining same,"No, no significant financial challenges","No, I would struggle to handle unexpected expenses",No,Electric fan
46,Male,34,"5'6""",75,Secondary,Married,Service Holder,Middle,8,Yes,Yes,"Dehydration, Skin problems",Yes,"Anxiety, Depression",Yes,"No, my eating habits remain the same","Cold Drinks, Water",5 liter,"Yes, I drink more water",Decreased energy levels,"Yes, my productivity decreases","Yes, frequent breaks and access to shaded areas",I earn less,"Yes, increased utility bills (e.g., air conditioning,fan)","No, I would struggle to handle unexpected expenses",Yes,Electric fan
47,Male,26,,61,Graduate,Unmarried,security guard,Poor,8,Yes,Yes,none,Yes,"Anxiety, Lack of focus",Yes,"No, my eating habits remain the same","Water, Saline",5 liter,"Yes, I drink more water","□Reduced physical stamina, Difficulty concentrating","Yes, my productivity decreases","No, no specific support or accommodations provided",Remaining same,"Yes, increased utility bills (e.g., air conditioning,fan)","No, I would struggle to handle unexpected expenses",Yes,Electric fan
48,Male,26,5'10,88,Higher Secondary,Married,Service Holder,Middle,8,Yes,Yes,"Dehydration, Fever",Yes,"Increased stress, Anxiety",Yes,"Yes, I eat less",Water,4 liter,"Yes, I drink more water","Decreased energy levels, □Reduced physical stamina, Difficulty concentrating","No, my productivity remains the same","Yes, frequent breaks and access to shaded areas",Remaining same,"Yes, increased utility bills (e.g., air conditioning,fan)","Yes, I have savings or a financial safety net",Yes,"Electric fan, Charging fan"
49,Female,26,"5'3""",61,Higher Secondary,Married,Service Holder,Middle,4,Yes,Yes,"Dehydration, unstable",Yes,"Anxiety, Depression",Yes,"Yes, I eat less","Cold Drinks, Water",4 liter,"Yes, I drink more water","Decreased energy levels, □Reduced physical stamina, Difficulty concentrating","No, my productivity remains the same","No, no specific support or accommodations provided",Remaining same,"Yes, increased utility bills (e.g., air conditioning,fan)","Yes, I have savings or a financial safety net",Yes,"Electric fan, Charging fan"
50,Male,50,"5'6""",85,Primary,Married,Sales man,Middle,15,Yes,Yes,"Dehydration, Skin problems",Yes,Anxiety,No,"No, my eating habits remain the same",Water,5 liter,"Yes, I drink more water","Decreased energy levels, □Reduced physical stamina","Yes, my productivity decreases","Yes, frequent breaks and access to shaded areas",I earn less,"Yes, increased utility bills (e.g., air conditioning,fan)","No, I would struggle to handle unexpected expenses",Yes,"Electric fan, Charging fan"
51,Male,45,"5'6""",50,Illiterate,Married,Rickshawpuller,Poorest,10,Yes,Yes,"Dehydration, headache",Yes,"Anxiety, Depression",Yes,"No, my eating habits remain the same",Water,More than 5 liter,"Yes, I drink more water","Decreased energy levels, Difficulty concentrating","Yes, my productivity decreases","No, no specific support or accommodations provided",I earn less,"Yes, increased utility bills (e.g., air conditioning,fan)","No, I would struggle to handle unexpected expenses",Yes,Charging fan
52,Female,25,"5'3""",53,undergraduate ,Unmarried,Student,Middle,4,Yes,Yes,Dehydration,Yes,Lack of focus,Yes,"Yes, I eat less",Cold Drinks,4 liter,"Yes, I drink more water",Decreased energy levels,"No, my productivity remains the same","Yes, frequent breaks and access to shaded areas",Remaining same,"Yes, increased utility bills (e.g., air conditioning,fan)","No, I would struggle to handle unexpected expenses",Yes,Electric fan
53,Male,52,"5'5""",56,Higher Secondary,Married,Construction Worker,Poor,10,Yes,Yes,"Skin problems, headache",Yes,"Anxiety, Lack of focus",Yes,"Yes, I eat less",Water,4 liter,"Yes, I drink more water",Decreased energy levels,"No, my productivity remains the same","Yes, frequent breaks and access to shaded areas",Remaining same,"Yes, increased utility bills (e.g., air conditioning,fan)","No, I would struggle to handle unexpected expenses",Yes,"Electric fan, Home made fan"
54,Male,38,"6'0""",56,Primary,Married,Businessman,Poor,8,Yes,Yes,Dehydration,Yes,As usual ,Yes,"No, my eating habits remain the same",Water,Less than 2 liter,"No, my fluid intake remains the same","Decreased energy levels, □Reduced physical stamina","No, my productivity remains the same","No, no specific support or accommodations provided",I earn less,"Yes, increased utility bills (e.g., air conditioning,fan)","No, I would struggle to handle unexpected expenses",Yes,"Electric fan, Home made fan"
55,Male,26,"5'5""",56,Primary,Married,painter,Middle,10,Yes,Yes,"Dehydration, Fever",Yes,"Increased stress, Anxiety, Depression, Lack of focus",Yes,"No, my eating habits remain the same","Cold Drinks, Water",More than 5 liter,"Yes, I drink more water","Decreased energy levels, □Reduced physical stamina","Yes, my productivity decreases","Yes, frequent breaks and access to shaded areas",I earn less,"Yes, increased utility bills (e.g., air conditioning,fan)","No, I would struggle to handle unexpected expenses",Yes,"Electric fan, Home made fan"
56,Male,45,"5'5""",58,Primary,Married,Farmer,Poorest,8,Yes,Yes,"Dehydration, Skin problems",Yes,"Increased stress, Depression, Lack of focus",Yes,"No, my eating habits remain the same","Water, Saline",4 liter,"Yes, I drink more water",Decreased energy levels,"Yes, my productivity decreases","Yes, frequent breaks and access to shaded areas",I earn less,"Yes, increased utility bills (e.g., air conditioning,fan)","No, I would struggle to handle unexpected expenses",Yes,"Electric fan, Home made fan"
57,Male,46,"5'9""",76,Graduate,Married,Businessmen ,Middle,10,Yes,Yes,"Dehydration, Skin problems",Yes,"Increased stress, Anxiety",Yes,"Yes, I eat less","Cold Drinks, Water, Saline",4 liter,"Yes, I drink more water",Decreased energy levels,"Yes, my productivity decreases","No, no specific support or accommodations provided",I earn more,"Yes, increased utility bills (e.g., air conditioning,fan)","No, I would struggle to handle unexpected expenses",Yes,Electric fan
58,Male,25,"5'7""",75,Primary,Married,Sales man,Middle,12,Yes,Yes,"Dehydration, Skin problems",Yes,"Anxiety, Depression",Yes,"Yes, I eat more","Cold Drinks, Water",5 liter,"Yes, I drink more water",Difficulty concentrating,"No, my productivity remains the same","No, no specific support or accommodations provided",I earn more,"Yes, increased utility bills (e.g., air conditioning,fan)","No, I would struggle to handle unexpected expenses",Yes,"Electric fan, Home made fan"
59,Male,65,"5'5""",65,Secondary,Married,Sales man,Poor,15,Yes,Yes,Dehydration,Yes,Anxiety,No,"Yes, I eat more","Water, Saline",More than 5 liter,"Yes, I drink more water",No noticeable impact,"No, my productivity remains the same","Yes, provision of personal protective equipment (PPE) suitable for heat",I earn more,"Yes, increased utility bills (e.g., air conditioning,fan)","No, I would struggle to handle unexpected expenses",Yes,Electric fan
60,Male,58,"5'5""",65,Primary,Married,Construction Worker,Poor,4,Yes,Yes,Dehydration,Yes,Increased stress,Yes,"No, my eating habits remain the same",Water,More than 5 liter,"Yes, I drink more water",□Reduced physical stamina,"Yes, my productivity decreases","Yes, frequent breaks and access to shaded areas",Remaining same,"Yes, increased utility bills (e.g., air conditioning,fan)","No, I would struggle to handle unexpected expenses",Yes,"Electric fan, Charging fan"
61,Male,30,"5'4""",72,Secondary,Married,painter,Middle,10,Yes,Yes,"Dehydration, As usual",No,Remaining same,No,"No, my eating habits remain the same","Cold Drinks, Water, Saline",3 liter,"Yes, I drink more water",No noticeable impact,"No, my productivity remains the same","Yes, frequent breaks and access to shaded areas",I earn more,"Yes, increased utility bills (e.g., air conditioning,fan)","No, I would struggle to handle unexpected expenses",Yes,Electric fan
62,Male,65,"5'5""",60,Primary,Married,Farmer,Poor,6,Yes,Yes,Dehydration,Yes,"Anxiety, Lack of focus",Yes,"Yes, I eat less",Water,5 liter,"Yes, I drink more water","Decreased energy levels, □Reduced physical stamina","Yes, my productivity decreases","Yes, frequent breaks and access to shaded areas",I earn less,"Yes, increased utility bills (e.g., air conditioning,fan)","No, I would struggle to handle unexpected expenses",Yes,Electric fan
63,Female,50,"5'2""",53,Primary,Married,House wife,Poor,8,Yes,Yes,"Dehydration, Asthma",Yes,"Anxiety, Depression",Yes,"Yes, I eat less",Water,4 liter,"Yes, I drink more water",□Reduced physical stamina,"Yes, my productivity decreases","No, no specific support or accommodations provided",Remaining same,"Yes, increased utility bills (e.g., air conditioning,fan)","No, I would struggle to handle unexpected expenses",Yes,"Electric fan, Charging fan"
64,Female,35,"5'0""",52,Secondary,Married,House wife,Poor,10,Yes,Yes,"Dehydration, Skin problems",Yes,"Anxiety, Depression",Yes,"Yes, I eat less",Water,3 liter,"No, my fluid intake remains the same",Decreased energy levels,"Yes, my productivity decreases","No, no specific support or accommodations provided",I earn less,"Yes, increased utility bills (e.g., air conditioning,fan)","No, I would struggle to handle unexpected expenses",Yes,Electric fan
65,Male,28,"5'5""",48,Primary,Married,Day labour,Poorest,9,Yes,Yes,"Dehydration, Fever, Skin problems",Yes,"Increased stress, Anxiety, Depression",Yes,"Yes, I eat less",Water,4 liter,"Yes, I drink more water","Decreased energy levels, □Reduced physical stamina","Yes, my productivity decreases","Yes, frequent breaks and access to shaded areas",I earn less,"Yes, increased utility bills (e.g., air conditioning,fan)","No, I would struggle to handle unexpected expenses",Yes,"Electric fan, Home made fan"
66,Male,20,"5'7""",52,Primary,Unmarried,Construction Worker,Middle,10,Yes,Yes,"Dehydration, Skin problems",Yes,"Anxiety, Depression",No,"No, my eating habits remain the same","Cold Drinks, Water",5 liter,"Yes, I drink more water",Decreased energy levels,"Yes, my productivity decreases","Yes, frequent breaks and access to shaded areas",Remaining same,"Yes, increased utility bills (e.g., air conditioning,fan)","No, I would struggle to handle unexpected expenses",Yes,Electric fan
67,Female,45,"5'1""",42,Primary,Married,House wife,Poor,8,Yes,Yes,"Dehydration, Heatstroke, Skin problems",Yes,"Anxiety, Depression",Yes,"Yes, I eat less",Water,3 liter,"Yes, I drink more water","Decreased energy levels, □Reduced physical stamina","Yes, my productivity decreases","Yes, provision of personal protective equipment (PPE) suitable for heat",Remaining same,"Yes, increased utility bills (e.g., air conditioning,fan)","No, I would struggle to handle unexpected expenses",Yes,"Electric fan, Home made fan"
68,Male,45,"5'8""",70,Primary,Married,Labour,Poor,15,Yes,Yes,Dehydration,Yes,"Anxiety, Lack of focus",No,"Yes, I eat less",Water,5 liter,"Yes, I drink more water","Decreased energy levels, □Reduced physical stamina","Yes, my productivity decreases","No, no specific support or accommodations provided",I earn less,"Yes, increased utility bills (e.g., air conditioning,fan)","No, I would struggle to handle unexpected expenses",No,Home made fan
69,Male,52,"5'3""",43,Primary,Married,Day labour,Poorest,12,Yes,Yes,"Dehydration, Fever, Skin problems",Yes,"Anxiety, Depression",Yes,"Yes, I eat less",Water,3 liter,"Yes, I drink more water","Decreased energy levels, □Reduced physical stamina","Yes, my productivity decreases","Yes, frequent breaks and access to shaded areas",I earn less,"Yes, increased utility bills (e.g., air conditioning,fan)","No, I would struggle to handle unexpected expenses",No,Home made fan
70,Male,38,"6'0""",75,Primary,Married,Rickshawpuller,Poorest,14,Yes,Yes,"Dehydration, Heatstroke",Yes,"Increased stress, Decreased motivation, Anxiety, Depression, Lack of focus",Yes,"Yes, I eat more","Water, Saline",5 liter,"Yes, I drink more water","Decreased energy levels, □Reduced physical stamina, Difficulty concentrating","Yes, my productivity decreases","Yes, frequent breaks and access to shaded areas",I earn less,"Yes, increased utility bills (e.g., air conditioning,fan)","No, I would struggle to handle unexpected expenses",Yes,"Electric fan, Home made fan"
71,Female,40,"5'6""",58,Higher Secondary,Married,House wife,Middle,10,Yes,Yes,Dehydration,Yes,"Anxiety, Lack of focus",No,"No, my eating habits remain the same","Water, Saline",4 liter,"Yes, I drink more water","Decreased energy levels, □Reduced physical stamina, Difficulty concentrating","No, my productivity remains the same","Yes, frequent breaks and access to shaded areas",Remaining same,"Yes, increased utility bills (e.g., air conditioning,fan)","No, I would struggle to handle unexpected expenses",Yes,"Electric fan, Home made fan"
72,Male,35,"5'8""",65,Primary,Married,Construction Worker,Poor,10,Yes,Yes,"Dehydration, Heatstroke",Yes,"Anxiety, Lack of focus",No,"No, my eating habits remain the same","Water, Saline",4 liter,"Yes, I drink more water","Decreased energy levels, □Reduced physical stamina, Difficulty concentrating","Yes, my productivity decreases","Yes, frequent breaks and access to shaded areas",I earn less,"Yes, increased utility bills (e.g., air conditioning,fan)","No, I would struggle to handle unexpected expenses",Yes,Electric fan
73,Male,52,"5'6""",68,Secondary,Married,Day labour,Poor,8,Yes,Yes,"Dehydration, Skin problems",Yes,"Anxiety, Lack of focus",No,"Yes, I eat less",Water,4 liter,"Yes, I drink more water","Decreased energy levels, □Reduced physical stamina, Difficulty concentrating","Yes, my productivity decreases","Yes, frequent breaks and access to shaded areas",I earn less,"Yes, increased utility bills (e.g., air conditioning,fan)","No, I would struggle to handle unexpected expenses",Yes,"Electric fan, Home made fan"
74,Male,45,"5'8""",75,Graduate,Married,Service Holder,Rich,8,Yes,Yes,Dehydration,Yes,"Increased stress, Anxiety, Lack of focus",No,"No, my eating habits remain the same","Cold Drinks, Water, Fruits",4 liter,"Yes, I drink more water","Decreased energy levels, □Reduced physical stamina, Difficulty concentrating","No, my productivity remains the same","Yes, frequent breaks and access to shaded areas",Remaining same,"Yes, increased utility bills (e.g., air conditioning,fan)","Yes, I have savings or a financial safety net",Yes,"Electric fan, Charging fan, Air condition, Home made fan"
75,Female,38,"5'0""",68,Higher Secondary,Married,House wife,Rich,6,Yes,Yes,"Dehydration, Skin problems",Yes,"Anxiety, Lack of focus",No,"No, my eating habits remain the same","Cold Drinks, Water, Fruits",4 liter,"Yes, I drink more water","Decreased energy levels, Difficulty concentrating","No, my productivity remains the same","Yes, frequent breaks and access to shaded areas",Remaining same,"Yes, increased utility bills (e.g., air conditioning,fan)","Yes, I have savings or a financial safety net",Yes,"Electric fan, Charging fan, Air condition"
76,Male,40,"5'6""",68,Secondary,Married,Construction Worker,Middle,10,Yes,Yes,"Dehydration, Heatstroke, Skin problems",Yes,"Increased stress, Anxiety, Depression, Lack of focus",No,"Yes, I eat more","Cold Drinks, Water",4 liter,"Yes, I drink more water","Decreased energy levels, □Reduced physical stamina, Difficulty concentrating","Yes, my productivity decreases","Yes, frequent breaks and access to shaded areas",I earn less,"Yes, increased utility bills (e.g., air conditioning,fan)","No, I would struggle to handle unexpected expenses",Yes,"Electric fan, Charging fan"
77,Male,38,"5'7""",70,Graduate,Married,Sales man,Poor,10,Yes,Yes,"Dehydration, Skin problems",Yes,"Anxiety, Lack of focus",No,"Yes, I eat more","Cold Drinks, Water, Fruits",4 liter,"Yes, I drink more water","Decreased energy levels, Difficulty concentrating","Yes, my productivity decreases","Yes, frequent breaks and access to shaded areas",I earn less,"Yes, increased utility bills (e.g., air conditioning,fan)","No, I would struggle to handle unexpected expenses",Yes,Electric fan
78,Male,35,"5'5""",70,Graduate,Married,Sales man,Poor,10,Yes,Yes,"Dehydration, Skin problems",Yes,"Anxiety, Lack of focus",No,"Yes, I eat more","Water, Fruits",4 liter,"Yes, I drink more water","Decreased energy levels, □Reduced physical stamina, Difficulty concentrating","Yes, my productivity decreases","Yes, frequent breaks and access to shaded areas",I earn less,"Yes, increased utility bills (e.g., air conditioning,fan)","No, I would struggle to handle unexpected expenses",Yes,Electric fan
79,Male,50,"5'8""",72,Primary,Married,Ice cream seller,Poorest,6,Yes,Yes,Dehydration,Yes,"Increased stress, Anxiety, Lack of focus",No,"Yes, I eat more",Water,4 liter,"Yes, I drink more water","Decreased energy levels, Difficulty concentrating","No, my productivity remains the same","Yes, frequent breaks and access to shaded areas",I earn more,"Yes, increased utility bills (e.g., air conditioning,fan)","No, I would struggle to handle unexpected expenses",Yes,"Electric fan, Home made fan"
80,Male,50,"5'5""",,Graduate,Married,Businessmen ,Rich,10,Yes,Yes,Dehydration,No,,No,"Yes, I eat more","Cold Drinks, Water, Fruits",4 liter,"No, my fluid intake remains the same","Difficulty concentrating, No noticeable impact","No, my productivity remains the same","Yes, frequent breaks and access to shaded areas",Remaining same,"Yes, increased utility bills (e.g., air conditioning,fan)","Yes, I have savings or a financial safety net",Yes,"Electric fan, Charging fan, Air condition"
81,Male,53,"5'4""",85,Secondary,Married,Sales man,Middle,16,Yes,Yes,"Dehydration, Heatstroke",Yes,"Increased stress, Anxiety, Lack of focus",Yes,"Yes, I eat more","Cold Drinks, Water, Fruits",4 liter,"Yes, I drink more water","Decreased energy levels, □Reduced physical stamina, Difficulty concentrating","No, my productivity remains the same","Yes, frequent breaks and access to shaded areas",I earn more,"Yes, increased utility bills (e.g., air conditioning,fan)","No, I would struggle to handle unexpected expenses",Yes,"Electric fan, Charging fan"
82,Female,41,"5'3""",75,Graduate,Married,House wife,Rich,6,Yes,Yes,"Dehydration, Heatstroke",Yes,"Increased stress, Anxiety, Lack of focus",Yes,"Yes, I eat more","Cold Drinks, Water, Fruits",4 liter,"Yes, I drink more water","Decreased energy levels, □Reduced physical stamina, Difficulty concentrating","No, my productivity remains the same","Yes, frequent breaks and access to shaded areas",Remaining same,"Yes, increased utility bills (e.g., air conditioning,fan)","Yes, I have savings or a financial safety net",Yes,"Electric fan, Charging fan, Air condition, Home made fan"
83,Female,36,"5'3""",60,Secondary,Married,House wife,Poor,10,Yes,Yes,Dehydration,Yes,Lack of focus,No,"No, my eating habits remain the same","Water, Saline",3 liter,"Yes, I drink more water","Decreased energy levels, □Reduced physical stamina","No, my productivity remains the same","Yes, frequent breaks and access to shaded areas",Remaining same,"Yes, increased utility bills (e.g., air conditioning,fan)","No, I would struggle to handle unexpected expenses",Yes,Electric fan
84,Male,55,"5'5""",68,Primary,Married,Rickshawpuller,Poorest,12,Yes,Yes,"Dehydration, Skin problems, headache",Yes,"Increased stress, Anxiety",Yes,"Yes, I eat more","Water, Saline",4 liter,"Yes, I drink more water",Decreased energy levels,"Yes, my productivity decreases","Yes, frequent breaks and access to shaded areas",I earn less,"Yes, increased utility bills (e.g., air conditioning,fan)","No, I would struggle to handle unexpected expenses",Yes,Electric fan
85,Female,43,"5'6""",70,Primary,Married,housewife ,Middle,6,Yes,Yes,"Vomit, Skin problems",Yes,"Decreased motivation, Anxiety",Yes,"No, my eating habits remain the same","Water, Saline",3 liter,"Yes, I drink more water","Decreased energy levels, □Reduced physical stamina","Yes, my productivity decreases","Yes, frequent breaks and access to shaded areas",Remaining same,"Yes, increased utility bills (e.g., air conditioning,fan)","No, I would struggle to handle unexpected expenses",Yes,"Electric fan, Home made fan"
86,Male,50,5'5,67. 5,Secondary,Married,Service Holder,Middle,,Yes,Yes,"Dehydration, Skin problems, headache",Yes,"Anxiety, Lack of focus",Yes,"No, my eating habits remain the same","Water, Saline",3 liter,"Yes, I drink more water","□Reduced physical stamina, Difficulty concentrating","Yes, my productivity decreases","Yes, frequent breaks and access to shaded areas",I earn less,"Yes, increased utility bills (e.g., air conditioning,fan)","No, I would struggle to handle unexpected expenses",Yes,"Electric fan, Home made fan"
87,Female,42,"5'2""",52,Illiterate,Married,housewife ,Poorest,6,Yes,Yes,"Dehydration, Vomit, Skin problems",Yes,"Anxiety, Lack of focus",No,,Water,3 liter,"Yes, I drink more water","Decreased energy levels, □Reduced physical stamina","Yes, my productivity decreases","Yes, frequent breaks and access to shaded areas",I earn less,"Yes, increased utility bills (e.g., air conditioning,fan)","No, I would struggle to handle unexpected expenses",Yes,"Electric fan, Home made fan"
88,Male,58,"5'5""",65,Illiterate,Married,Farmer,Poor,8,Yes,Yes,"Dehydration, Heatstroke, Skin problems, headache",Yes,"Anxiety, Lack of focus",No,"No, my eating habits remain the same",Water,3 liter,"Yes, I drink more water",Decreased energy levels,"Yes, my productivity decreases","Yes, frequent breaks and access to shaded areas",I earn less,"Yes, increased utility bills (e.g., air conditioning,fan)","Yes, I have savings or a financial safety net",Yes,"Electric fan, Home made fan"
89,Male,52,,65,Graduate,Married,Service Holder,Middle,6,Yes,Yes,"Dehydration, Vomit, Skin problems, headache ",Yes,"Increased stress, Anxiety, Lack of focus",No,"No, my eating habits remain the same","Water, Saline",3 liter,"Yes, I drink more water",Decreased energy levels,"Yes, my productivity decreases","Yes, frequent breaks and access to shaded areas",Remaining same,"Yes, increased utility bills (e.g., air conditioning,fan)","No, I would struggle to handle unexpected expenses",Yes,"Electric fan, Home made fan"
90,Male,47,"5'3""",64,Primary,Married,Construction Worker,Poor,7,Yes,Yes,"Dehydration, Heatstroke, Vomit, headache",Yes,"Anxiety, Lack of focus",No,"Yes, I eat more","Water, Saline",4 liter,"Yes, I drink more water",Decreased energy levels,"Yes, my productivity decreases","Yes, frequent breaks and access to shaded areas",I earn less,"Yes, increased utility bills (e.g., air conditioning,fan)","No, I would struggle to handle unexpected expenses",Yes,"Electric fan, Home made fan"
91,Male,58,"5'5""",57.5,Illiterate,Married,Farmer,Poorest,8,Yes,Yes,"Dehydration, headache ",Yes,"Anxiety, Lack of focus",No,"No, my eating habits remain the same",Water,3 liter,"Yes, I drink more water","Decreased energy levels, □Reduced physical stamina, Difficulty concentrating","Yes, my productivity decreases","No, no specific support or accommodations provided",Remaining same,"Yes, increased utility bills (e.g., air conditioning,fan)","No, I would struggle to handle unexpected expenses",Yes,"Electric fan, Home made fan"
92,Male,40,5'6,70,Higher Secondary,Married,Sales man,Middle,10,Yes,Yes,"Dehydration, Skin problems",Yes,"Anxiety, Lack of focus",No,"No, my eating habits remain the same",Water,4 liter,"Yes, I drink more water","Decreased energy levels, □Reduced physical stamina, Difficulty concentrating","No, my productivity remains the same","Yes, frequent breaks and access to shaded areas",Remaining same,"Yes, increased utility bills (e.g., air conditioning,fan)","No, I would struggle to handle unexpected expenses",Yes,"Electric fan, Charging fan, Home made fan"
93,Male,44,"5'5""",60,Secondary,Married,Service Holder,Poor,6,Yes,Yes,Dehydration,Yes,"Increased stress, Anxiety",No,"No, my eating habits remain the same",Water,3 liter,"No, my fluid intake remains the same","Decreased energy levels, □Reduced physical stamina, Difficulty concentrating","No, my productivity remains the same","No, no specific support or accommodations provided",I earn less,"No, no significant financial challenges","No, I would struggle to handle unexpected expenses",Yes,"Electric fan, Home made fan"
94,Male,34,"5'4""",65,Illiterate,Married,Construction Worker,Poor,8,Yes,Yes,"Dehydration, Skin problems, headache",Yes,"Anxiety, Lack of focus",No,"No, my eating habits remain the same","Water, Saline",3 liter,"Yes, I drink more water","Decreased energy levels, □Reduced physical stamina","No, my productivity remains the same","Yes, provision of personal protective equipment (PPE) suitable for heat",I earn less,"Yes, increased utility bills (e.g., air conditioning,fan)","No, I would struggle to handle unexpected expenses",Yes,"Electric fan, Home made fan"
95,Male,37,"5'6""",68.4,Primary,Married,Construction Worker,Poor,8,Yes,Yes,"Dehydration, Heatstroke, Vomit, Skin problems",Yes,"Anxiety, Lack of focus",No,"No, my eating habits remain the same","Water, Saline",4 liter,"Yes, I drink more water","Decreased energy levels, □Reduced physical stamina, Difficulty concentrating","No, my productivity remains the same","Yes, frequent breaks and access to shaded areas",I earn less,"Yes, increased utility bills (e.g., air conditioning,fan)","No, I would struggle to handle unexpected expenses",Yes,"Electric fan, Home made fan"
96,Male,36,"5'3""",70,Illiterate,Married,Construction Worker,Poor,8,Yes,Yes,"Dehydration, Heatstroke, Vomit, Skin problems",Yes,"Increased stress, Anxiety, Lack of focus",No,"Yes, I eat more","Cold Drinks, Water, Saline",4 liter,"Yes, I drink more water","Decreased energy levels, □Reduced physical stamina, Difficulty concentrating","Yes, my productivity decreases","Yes, frequent breaks and access to shaded areas",I earn less,"Yes, increased utility bills (e.g., air conditioning,fan)","No, I would struggle to handle unexpected expenses",Yes,"Electric fan, Charging fan, Home made fan"
97,Male,29,5.7,70,Graduate,Married,Service Holder,Middle,7 hours,Yes,Yes,"Dehydration, Fever",Yes,"Increased stress, Anxiety, Lack of focus",Yes,"Yes, I eat less","Water, Saline, Fruits",3 liter,"Yes, I drink more water","Decreased energy levels, □Reduced physical stamina, Difficulty concentrating","Yes, my productivity decreases",,Remaining same,"Yes, increased utility bills (e.g., air conditioning,fan)","No, I would struggle to handle unexpected expenses",Yes,"Electric fan, Charging fan"
98,Female,30,"5'4""",68,Primary,Married,house wife,Poor,6,Yes,Yes,"Dehydration, Vomit, Skin problems",Yes,"Increased stress, Anxiety, Lack of focus",No,"Yes, I eat more","Cold Drinks, Water, Saline",4 liter,"Yes, I drink more water","Decreased energy levels, □Reduced physical stamina, Difficulty concentrating","No, my productivity remains the same","Yes, frequent breaks and access to shaded areas",Remaining same,"No, no significant financial challenges","No, I would struggle to handle unexpected expenses",Yes,Charging fan
99,Male,36,5,45kg,Primary,Married,Day labour,Middle,6 hour,Yes,Yes,Dehydration,Yes,"Depression, Lack of focus",Yes,"Yes, I eat less","Water, Saline",More than 5 liter,"Yes, I drink more water",,"Yes, my productivity decreases","Yes, frequent breaks and access to shaded areas",I earn less,"Yes, increased utility bills (e.g., air conditioning,fan)","Yes, I have savings or a financial safety net",Yes,"Electric fan, Home made fan"
100,Male,21,5,55,Secondary,Married,Sales man,Middle,7 hourrs,Yes,Yes,"Dehydration, Vomit, Skin problems",Yes,"Anxiety, Lack of focus",Yes,"Yes, I eat less","Cold Drinks, Water, Saline",4 liter,"Yes, I drink more water",Decreased energy levels,"Yes, my productivity decreases","No, no specific support or accommodations provided",Remaining same,"Yes, increased utility bills (e.g., air conditioning,fan)","Yes, I have savings or a financial safety net",Yes,"Electric fan, Charging fan, Home made fan"
101,Female,45,5,75,Secondary,Married,House wife,Middle,7,Yes,Yes,"Dehydration, Heatstroke, Fever, Vomit, Skin problems",Yes,"Anxiety, Depression, Lack of focus",Yes,"Yes, I eat less","Cold Drinks, Water, Saline",3 liter,"Yes, I drink more water","Decreased energy levels, □Reduced physical stamina","Yes, my productivity decreases","No, no specific support or accommodations provided",Remaining same,"Yes, increased utility bills (e.g., air conditioning,fan)","Yes, I have savings or a financial safety net",Yes,"Electric fan, Charging fan, Home made fan"
102,Male,45,"5'2""",64,Illiterate,Married,Day labour,Poor,10,Yes,Yes,"Dehydration, Skin problems, headache",Yes,"Anxiety, Lack of focus",Yes,"No, my eating habits remain the same","Water, Saline",4 liter,"Yes, I drink more water","Decreased energy levels, Difficulty concentrating","Yes, my productivity decreases","Yes, frequent breaks and access to shaded areas",I earn less,"Yes, increased utility bills (e.g., air conditioning,fan)","No, I would struggle to handle unexpected expenses",Yes,"Electric fan, Home made fan"
103,Male,36,"5'7""",68.5,Secondary,Married,Construction Worker,Poor,7,Yes,Yes,"Dehydration, Heatstroke, Skin problems",Yes,"Increased stress, Decreased motivation, Anxiety, Lack of focus",Yes,"No, my eating habits remain the same",Water,4 liter,"Yes, I drink more water","Decreased energy levels, □Reduced physical stamina","Yes, my productivity decreases","Yes, frequent breaks and access to shaded areas",I earn less,"Yes, increased utility bills (e.g., air conditioning,fan)","No, I would struggle to handle unexpected expenses",Yes,"Electric fan, Charging fan, Home made fan"
104,Male,37,"5'6""",65.7,Higher Secondary,Married,Sales man,Poor,12,Yes,Yes,"Dehydration, Skin problems",Yes,"Anxiety, Lack of focus",No,"No, my eating habits remain the same","Water, Fruits",3 liter,"Yes, I drink more water","Decreased energy levels, Difficulty concentrating","Yes, my productivity decreases","Yes, frequent breaks and access to shaded areas",I earn less,"Yes, increased utility bills (e.g., air conditioning,fan)","No, I would struggle to handle unexpected expenses",Yes,"Electric fan, Charging fan, Home made fan"
105,Female,35,"5'2""",58.5,Graduate,Married,teacher,Middle,7,Yes,Yes,"Dehydration, Skin problems",Yes,"Anxiety, Lack of focus",Yes,"No, my eating habits remain the same","Water, Saline",3 liter,"Yes, I drink more water","Decreased energy levels, Difficulty concentrating","No, my productivity remains the same","Yes, frequent breaks and access to shaded areas",Remaining same,"Yes, increased utility bills (e.g., air conditioning,fan)","Yes, I have savings or a financial safety net",Yes,"Electric fan, Charging fan, Air condition"
106,Male,39,5 feet 8 inch,82 kg,Secondary,Married,Sales man,Middle,12 h,Yes,Yes,Dehydration,Yes,Lack of focus,Yes,"Yes, I eat less","Water, Saline",3 liter,"Yes, I drink more water","Decreased energy levels, □Reduced physical stamina","Yes, my productivity decreases","No, no specific support or accommodations provided",Remaining same,"Yes, increased utility bills (e.g., air conditioning,fan)","No, I would struggle to handle unexpected expenses",Yes,"Electric fan, Home made fan"
107,Male,26,5 feet 6 inch,61 kg,Graduate,Married,Sales man,Middle,12 h,Yes,Yes,Dehydration,Yes,"Depression, Lack of focus",Yes,"Yes, I eat less","Cold Drinks, Water",5 liter,"Yes, I drink more water","Decreased energy levels, □Reduced physical stamina","Yes, my productivity decreases","No, no specific support or accommodations provided",I earn less,"Yes, increased utility bills (e.g., air conditioning,fan)","No, I would struggle to handle unexpected expenses",Yes,"Electric fan, Charging fan, Home made fan"
108,Male,37, 5 feet 7 inch,64,Illiterate,Married,Rickshawpuller,Poor,10,Yes,Yes,Dehydration,Yes,,Yes,"No, my eating habits remain the same","Cold Drinks, Water, Saline",4 liter,"Yes, I drink more water",No noticeable impact,"No, my productivity remains the same","No, no specific support or accommodations provided",Remaining same,"Yes, increased utility bills (e.g., air conditioning,fan)","No, I would struggle to handle unexpected expenses",Yes,"Electric fan, Home made fan"
109,Male,29,5 feet 4 inch,85 kg,Primary,Married,Rickshawpuller,Middle,8 h,Yes,Yes,Dehydration,Yes,Depression,Yes,"Yes, I eat less",Water,More than 5 liter,"Yes, I drink more water",□Reduced physical stamina,"Yes, my productivity decreases","No, no specific support or accommodations provided",Remaining same,,"Yes, I have savings or a financial safety net",Yes,"Electric fan, Home made fan"
110,Male,36,5 feet 3 inch,62,Secondary,Married,Rickshawpuller,Poor,8 h,Yes,Yes,Dehydration,Yes,,Yes,"No, my eating habits remain the same",Water,5 liter,"Yes, I drink more water",Decreased energy levels,"Yes, my productivity decreases","Yes, frequent breaks and access to shaded areas",I earn less,"Yes, increased utility bills (e.g., air conditioning,fan)","No, I would struggle to handle unexpected expenses",Yes,"Electric fan, Home made fan"
111,Male,27,5 feet 6 inch,70,Secondary,Unmarried,Sales man,Middle,10 h,Yes,Yes,Dehydration,Yes,Lack of focus,Yes,"Yes, I eat less","Water, Fruits",4 liter,"Yes, I drink more water",Decreased energy levels,"Yes, my productivity decreases","Yes, frequent breaks and access to shaded areas",Remaining same,"Yes, increased utility bills (e.g., air conditioning,fan)","No, I would struggle to handle unexpected expenses",Yes,"Electric fan, Home made fan"
112,Male,36,5 feet 8 inch ,80,Higher Secondary,Divorced,Construction Worker,Poor,8 h,Yes,Yes,"Dehydration, Heatstroke",Yes,"Anxiety, Lack of focus",Yes,"Yes, I eat less","Water, Saline",More than 5 liter,"Yes, I drink more water",Decreased energy levels,"Yes, my productivity decreases","Yes, frequent breaks and access to shaded areas",I earn less,"Yes, increased utility bills (e.g., air conditioning,fan)","No, I would struggle to handle unexpected expenses",Yes,"Electric fan, Home made fan"
113,Male,40,5 feet 5 inch,70,Secondary,Married,Rickshawpuller,Poor,10 h,Yes,Yes,Dehydration,Yes,Increased stress,Yes,"Yes, I eat less",Water,5 liter,"Yes, I drink more water","Decreased energy levels, □Reduced physical stamina","Yes, my productivity decreases","No, no specific support or accommodations provided",I earn less,"Yes, increased utility bills (e.g., air conditioning,fan)","No, I would struggle to handle unexpected expenses",Yes,"Electric fan, Charging fan, Home made fan"
114,Female,32,5 feet,60 kg,Primary,Married,cooking,Poor,12 h,Yes,Yes,"Dehydration, Fever, Skin problems, pain head",Yes,"Increased stress, Lack of focus",Yes,"Yes, I eat less","Water, Saline",5 liter,"Yes, I drink more water","Decreased energy levels, □Reduced physical stamina","No, my productivity remains the same","No, no specific support or accommodations provided",Remaining same,"Yes, increased utility bills (e.g., air conditioning,fan)","No, I would struggle to handle unexpected expenses",Yes,"Electric fan, Home made fan"
115,Female,29,5 feet 2 inch,53,Primary,Married,House wife,Poor,5 h,Yes,Yes,Blood pressur,Yes,Anxiety,Yes,"Yes, I eat less","Water, Saline, Fruits",3 liter,"Yes, I drink more water",Decreased energy levels,"Yes, my productivity decreases","No, no specific support or accommodations provided",Remaining same,"Yes, increased utility bills (e.g., air conditioning,fan)","No, I would struggle to handle unexpected expenses",Yes,Home made fan
116,Male,32,5 feet  5 inch,56 kg,Secondary,Married,Sales man,Middle,12 h,Yes,Yes,"Dehydration, Fever, Skin problems",Yes,"Depression, Lack of focus",Yes,"No, my eating habits remain the same","Cold Drinks, Water, Saline",4 liter,"Yes, I drink more water",No noticeable impact,"No, my productivity remains the same","Yes, frequent breaks and access to shaded areas",Remaining same,"Yes, increased utility bills (e.g., air conditioning,fan)","No, I would struggle to handle unexpected expenses",Yes,"Electric fan, Charging fan, Home made fan"
117,Male,50, 5 feet ,57,Illiterate,Married,Day labour,Poor,7 h,Yes,Yes,"Dehydration, Fever, Vomit",Yes,Lack of focus,Yes,"Yes, I eat less","Cold Drinks, Water",4 liter,"Yes, I drink more water",Decreased energy levels,"Yes, my productivity decreases","Yes, frequent breaks and access to shaded areas",I earn less,"Yes, increased utility bills (e.g., air conditioning,fan)","No, I would struggle to handle unexpected expenses",Yes,"Electric fan, Home made fan"
118,Female,32,5 feet 4 inch,79 kg,Secondary,Married,house wife,Middle,8 h,Yes,Yes,"Dehydration, Skin problems",Yes,"Increased stress, Lack of focus",Yes,"Yes, I eat less","Water, Saline, Fruits",4 liter,"Yes, I drink more water","Decreased energy levels, □Reduced physical stamina","Yes, my productivity decreases","No, no specific support or accommodations provided",Remaining same,"Yes, increased utility bills (e.g., air conditioning,fan)","No, I would struggle to handle unexpected expenses",Yes,"Electric fan, Charging fan, Home made fan"
119,Male,50,"5'5""",60,Illiterate,Married,Day labour,Poorest,12,Yes,No,Dehydration,No,Normal,Yes,"Yes, I eat less",Water,More than 5 liter,,Decreased energy levels,"Yes, my productivity decreases","No, no specific support or accommodations provided",Remaining same,"Yes, increased utility bills (e.g., air conditioning,fan)","Yes, I have savings or a financial safety net",Yes,Electric fan
120,Female,30,5 feet 3 inch,65 kg,Secondary,Married,house wife,Middle,10 h,Yes,Yes,"Dehydration, Skin problems",Yes,"Increased stress, Depression, Lack of focus",Yes,"No, my eating habits remain the same","Cold Drinks, Water, Fruits",4 liter,"Yes, I drink more water","Decreased energy levels, □Reduced physical stamina","No, my productivity remains the same","Yes, frequent breaks and access to shaded areas",Remaining same,"Yes, increased utility bills (e.g., air conditioning,fan)","No, I would struggle to handle unexpected expenses",Yes,"Electric fan, Charging fan, Home made fan"
121,Male,44,"5'6""",58,Primary,Married,Day labour,Poorest,8,No,Yes,"Dehydration, Heatstroke",No,Normal,No,"Yes, I eat less",Water,More than 5 liter,"Yes, I drink more water","Decreased energy levels, □Reduced physical stamina","Yes, my productivity decreases","No, no specific support or accommodations provided",I earn less,"No, no significant financial challenges","No, I would struggle to handle unexpected expenses",No,Home made fan
122,Male,31,5 feet 5 inch,72,Primary,Married,Businesman,Middle,12 h,Yes,Yes,Dehydration,No, None,Yes,"No, my eating habits remain the same","Water, Saline",4 liter,"Yes, I drink more water",No noticeable impact,"No, my productivity remains the same","Yes, frequent breaks and access to shaded areas",Remaining same,"Yes, increased utility bills (e.g., air conditioning,fan)","No, I would struggle to handle unexpected expenses",Yes,Electric fan
123,Male,5 feet 3 inch,75,75,Primary,Married,Farmer,Middle,12 h,Yes,Yes,Dehydration,No,Normal,Yes,"No, my eating habits remain the same",Water,5 liter,"Yes, I drink more water",Decreased energy levels,"Yes, my productivity decreases","No, no specific support or accommodations provided",I earn less,"Yes, increased utility bills (e.g., air conditioning,fan)","No, I would struggle to handle unexpected expenses",Yes,"Electric fan, Home made fan"
124,Male,40, 5 feet,100 kg ,Primary,Married, motor car supervaisar,Poor,12 h,Yes,Yes,"Dehydration, Skin problems",Yes,"Decreased motivation, Lack of focus",Yes,"No, my eating habits remain the same","Cold Drinks, Water",5 liter,"Yes, I drink more water",Decreased energy levels,"Yes, my productivity decreases","No, no specific support or accommodations provided",I earn more,"Yes, increased utility bills (e.g., air conditioning,fan)","No, I would struggle to handle unexpected expenses",Yes,"Electric fan, Home made fan"
125,Male,24,5 feet 4 inch,76,Graduate,Unmarried,Businessman,Rich,11 h,Yes,Yes,Dehydration,Yes,Lack of focus,Yes,"No, my eating habits remain the same","Water, Fruits",More than 5 liter,"Yes, I drink more water","Decreased energy levels, □Reduced physical stamina","Yes, my productivity decreases",,I earn more,"Yes, increased utility bills (e.g., air conditioning,fan)","Yes, I have savings or a financial safety net",Yes,"Electric fan, Charging fan, Air condition"
126,Male,65,"5'5""",80,Primary,Married,Sales man,Middle,10,Yes,Yes,"Dehydration, Heatstroke",Yes,"Depression, Lack of focus",Yes,"Yes, I eat less","Water, Saline",More than 5 liter,"Yes, I drink more water","Decreased energy levels, □Reduced physical stamina","Yes, my productivity decreases","No, no specific support or accommodations provided",I earn less,"Yes, increased utility bills (e.g., air conditioning,fan)","No, I would struggle to handle unexpected expenses",Yes,"Electric fan, Home made fan"
127,Male,28,"5'5""",66,Graduate,Married,Engineer ,Middle,,Yes,Yes,Fever,Yes,Lack of focus,Yes,"No, my eating habits remain the same",Cold Drinks,4 liter,"No, my fluid intake remains the same",Decreased energy levels,"Yes, my productivity decreases","Yes, frequent breaks and access to shaded areas",Remaining same,"Yes, increased utility bills (e.g., air conditioning,fan)","No, I would struggle to handle unexpected expenses",Yes,Electric fan
128,Male,24,5 feet 8 inch,55,Graduate,Unmarried,Businessman,Middle,8 h,No,No,,No,none,No,"No, my eating habits remain the same","Water, Fruits",5 liter,"Yes, I drink more water",No noticeable impact,"No, my productivity remains the same","Yes, frequent breaks and access to shaded areas",Remaining same,,"Yes, I have savings or a financial safety net",Yes,"Electric fan, Charging fan"
129,Male,32,"5'5""",71,Secondary,Married,Driver,Poor,12,Yes,Yes,Dehydration,Yes,Depression,Yes,"Yes, I eat less",Water,5 liter,"No, my fluid intake remains the same",Decreased energy levels,,"No, no specific support or accommodations provided",I earn less,"Yes, increased utility bills (e.g., air conditioning,fan)","Yes, I have savings or a financial safety net",Yes,"Electric fan, Charging fan"
130,Male,25,5 fgeet 7 inch,62,Secondary,Married,Businessman,Richest,10 h,Yes,Yes,"Dehydration, Skin problems",Yes,Depression,Yes,"Yes, I eat less","Water, Fruits",3 liter,"Yes, I drink more water","Decreased energy levels, □Reduced physical stamina","Yes, my productivity decreases","Yes, frequent breaks and access to shaded areas",I earn less,"Yes, increased utility bills (e.g., air conditioning,fan)","No, I would struggle to handle unexpected expenses",Yes,"Electric fan, Home made fan"
131,Male,31,5 feet 7 inch,53,Higher Secondary,Married,contactor,Middle,10,Yes,Yes,Dehydration,Yes,"Depression, Lack of focus",Yes,"No, my eating habits remain the same","Water, Fruits",4 liter,"Yes, I drink more water",No noticeable impact,"No, my productivity remains the same","No, no specific support or accommodations provided",I earn less,"Yes, increased utility bills (e.g., air conditioning,fan)","No, I would struggle to handle unexpected expenses",Yes,"Electric fan, Charging fan, Home made fan"
132,Male,50,"5'3""",62,Higher Secondary,Married,Sales man,Middle,12,Yes,Yes,Dehydration,Yes,Anxiety,No,"No, my eating habits remain the same","Cold Drinks, Water",More than 5 liter,"Yes, I drink more water",No noticeable impact,"No, my productivity remains the same",,Remaining same,"Yes, increased utility bills (e.g., air conditioning,fan)","No, I would struggle to handle unexpected expenses",Yes,Electric fan
133,Male,56,"5'6""",65,Graduate,Married,Service Holder,Middle,8,Yes,Yes,Dehydration,No,Lack of focus,Yes,"No, my eating habits remain the same","Water, Saline",5 liter,"Yes, I drink more water",Decreased energy levels,"Yes, my productivity decreases","No, no specific support or accommodations provided",Remaining same,"Yes, increased utility bills (e.g., air conditioning,fan)","No, I would struggle to handle unexpected expenses",Yes,"Electric fan, Charging fan"
134,Male,45,5 feet 3 inch,67,Primary,Married,Farmer,Poor,7 h,Yes,Yes,"Dehydration, Skin problems",Yes,Lack of focus,Yes,"No, my eating habits remain the same","Cold Drinks, Water",4 liter,"Yes, I drink more water","Decreased energy levels, □Reduced physical stamina","Yes, my productivity decreases","Yes, frequent breaks and access to shaded areas",I earn less,"Yes, increased utility bills (e.g., air conditioning,fan)","No, I would struggle to handle unexpected expenses",Yes,"Electric fan, Home made fan"
135,Male,30,"5'8""",62,Secondary,Married,Day labour,Poor,10,Yes,Yes,"Dehydration, Fever",Yes,Lack of focus,No,"Yes, I eat less","Water, Saline",More than 5 liter,"Yes, I drink more water",No noticeable impact,"No, my productivity remains the same","Yes, frequent breaks and access to shaded areas",I earn less,"No, no significant financial challenges","No, I would struggle to handle unexpected expenses",Yes,"Electric fan, Home made fan"
136,Male,76,5 feet 5 inch,50 kg,Primary,Married,Farmer,Middle,5 h,Yes,Yes,"Dehydration, Fever",Yes,Depression,Yes,"Yes, I eat less",Water,4 liter,"Yes, I drink more water","Decreased energy levels, □Reduced physical stamina","Yes, my productivity decreases","No, no specific support or accommodations provided",Remaining same,,"No, I would struggle to handle unexpected expenses",Yes,"Electric fan, Home made fan"
137,Male,35,5 feet 5 inch,52 kg,Primary,Unmarried,Business man,Poor,12 h,Yes,Yes,"Fever, Skin problems",Yes,Increased stress,Yes,"Yes, I eat less","Water, Saline",4 liter,"Yes, I drink more water",Decreased energy levels,"Yes, my productivity decreases","No, no specific support or accommodations provided",I earn less,"Yes, increased utility bills (e.g., air conditioning,fan)","No, I would struggle to handle unexpected expenses",Yes,"Electric fan, Home made fan"
138,Female,39,5',42,Primary,Married,Housewife ,Middle,6,Yes,Yes,"Dehydration, Fever, Skin problems",Yes,Lack of focus,Yes,"No, my eating habits remain the same",Water,4 liter,"Yes, I drink more water",□Reduced physical stamina,"No, my productivity remains the same","No, no specific support or accommodations provided",Remaining same,"Yes, increased utility bills (e.g., air conditioning,fan)","No, I would struggle to handle unexpected expenses",Yes,Electric fan
139,Male,24,5 FEET 3 Inch,58 kg ,Under Graduate,Married,Service Holder,Middle,11 h,Yes,Yes,"Dehydration, Fever, Skin problems",Yes,"Decreased motivation, Lack of focus",Yes,"No, my eating habits remain the same","Cold Drinks, Water, Fruits",4 liter,"Yes, I drink more water",Decreased energy levels,"No, my productivity remains the same","Yes, frequent breaks and access to shaded areas",Remaining same,"No, no significant financial challenges","No, I would struggle to handle unexpected expenses",Yes,"Electric fan, Charging fan, Home made fan"
140,Female,32,"5'3""",70,Secondary,Married,Housewife ,Poor,5,Yes,Yes,"Dehydration, Skin problems, Asthma",Yes,Increased stress,No,"Yes, I eat less",Water,5 liter,"Yes, I drink more water",□Reduced physical stamina,"Yes, my productivity decreases","No, no specific support or accommodations provided",Remaining same,"Yes, increased utility bills (e.g., air conditioning,fan)","Yes, I have savings or a financial safety net",Yes,"Electric fan, Home made fan"
141,Male,75,"5'4""",75,Primary,Married,Night gurd,Poor,12,Yes,Yes,Dehydration,Yes,Depression,Yes,"Yes, I eat less","Cold Drinks, Water, Saline",More than 5 liter,"Yes, I drink more water",No noticeable impact,"No, my productivity remains the same","No, no specific support or accommodations provided",Remaining same,"Yes, increased utility bills (e.g., air conditioning,fan)","No, I would struggle to handle unexpected expenses",Yes,"Electric fan, Home made fan"
142,Male,30,5 feet 4 inch,72,Graduate,Unmarried,Sales man,Middle,8 h,Yes,Yes,Dehydration,Yes,Lack of focus,Yes,"No, my eating habits remain the same","Cold Drinks, Water",More than 5 liter,"Yes, I drink more water",No noticeable impact,"No, my productivity remains the same","No, no specific support or accommodations provided",Remaining same,"Yes, increased utility bills (e.g., air conditioning,fan)","Yes, I have savings or a financial safety net",Yes,"Electric fan, Charging fan, Home made fan"
143,Male,60,5 feet 2 inch,60 kg,Primary,Married,Sales man,Middle,12 h,Yes,Yes,"Dehydration, Fever, Skin problems",Yes,"Depression, Lack of focus",Yes,"Yes, I eat less","Water, Saline",4 liter,"Yes, I drink more water","Decreased energy levels, □Reduced physical stamina","Yes, my productivity decreases","No, no specific support or accommodations provided",I earn more,"Yes, increased utility bills (e.g., air conditioning,fan)","Yes, I have savings or a financial safety net",Yes,"Electric fan, Charging fan, Home made fan"
144,Male,65,"5'6""",50,Primary,Married,Farmer,Middle,10,Yes,Yes,"Dehydration, Skin problems",Yes,Lack of focus,Yes,"Yes, I eat less","Water, Saline",More than 5 liter,"Yes, I drink more water",□Reduced physical stamina,"No, my productivity remains the same","No, no specific support or accommodations provided",Remaining same,"Yes, increased utility bills (e.g., air conditioning,fan)","Yes, I have savings or a financial safety net",Yes,"Electric fan, Home made fan"
145,Male,100,5 feeet 3 inch,55 kg,Primary,Married,Farmer,Poor,5 h,Yes,Yes,Dehydration,Yes,Increased stress,Yes,"Yes, I eat less",Water,3 liter,"Yes, I drink more water",Decreased energy levels,"Yes, my productivity decreases","No, no specific support or accommodations provided",Remaining same,"Yes, increased utility bills (e.g., air conditioning,fan)","No, I would struggle to handle unexpected expenses",Yes,"Electric fan, Home made fan"
146,Male,26,"5'7""",62,Secondary,Married,Day labour,Poor,8,Yes,Yes,"Dehydration, Fever, Skin problems",Yes,"Depression, Lack of focus",Yes,"Yes, I eat less","Cold Drinks, Water",5 liter,"Yes, I drink more water",□Reduced physical stamina,"No, my productivity remains the same","Yes, frequent breaks and access to shaded areas",I earn less,"Yes, increased utility bills (e.g., air conditioning,fan)","No, I would struggle to handle unexpected expenses",Yes,"Electric fan, Home made fan"
147,Male,39,5 feet 6 inch,50 kg,Primary,Married,Rickshawpuller,Poor,8 h,Yes,Yes,none,Yes,Lack of focus,Yes,"No, my eating habits remain the same",Water,4 liter,"Yes, I drink more water",Decreased energy levels,"Yes, my productivity decreases","Yes, frequent breaks and access to shaded areas",I earn more,"Yes, increased utility bills (e.g., air conditioning,fan)","No, I would struggle to handle unexpected expenses",Yes,"Electric fan, Home made fan"
148,Male,26,"5'5""",50,Illiterate,Married,Day labour,Poor,11,Yes,Yes,"Dehydration, Fever",No,"Increased stress, Lack of focus",No,"Yes, I eat less","Water, Saline",More than 5 liter,"Yes, I drink more water",□Reduced physical stamina,"Yes, my productivity decreases","Yes, frequent breaks and access to shaded areas",Remaining same,"Yes, increased utility bills (e.g., air conditioning,fan)","No, I would struggle to handle unexpected expenses",Yes,"Electric fan, Charging fan, Home made fan"
149,Male,45 h,5 feet 1 inch,52 kg,Primary,Married,Day labour,Poor,9 h,Yes,Yes,"Dehydration, Fever, Vomit, pain Head",Yes,"Anxiety, Depression, Lack of focus",Yes,"No, my eating habits remain the same","Water, Saline",More than 5 liter,"Yes, I drink more water","Decreased energy levels, □Reduced physical stamina","Yes, my productivity decreases","Yes, frequent breaks and access to shaded areas",Remaining same,"Yes, increased utility bills (e.g., air conditioning,fan)","No, I would struggle to handle unexpected expenses",Yes,"Electric fan, Home made fan"
150,Female,38,"5'4""",60,Primary,Married,Day labour,Poor,11,Yes,Yes,"Dehydration, Fever",Yes,"Depression, Lack of focus",Yes,"Yes, I eat less","Water, Saline",5 liter,"Yes, I drink more water","Decreased energy levels, □Reduced physical stamina","Yes, my productivity decreases","No, no specific support or accommodations provided",Remaining same,"Yes, increased utility bills (e.g., air conditioning,fan)","No, I would struggle to handle unexpected expenses",No,Home made fan
151,Male,25,5 feet 11 inch,75 kg,Higher Secondary,Unmarried,Businessman,Rich,10 h,Yes,Yes,Dehydration,Yes,"Depression, Lack of focus",Yes,"Yes, I eat less","Cold Drinks, Water, Fruits",4 liter,"Yes, I drink more water",□Reduced physical stamina,"Yes, my productivity decreases","Yes, frequent breaks and access to shaded areas",I earn more,"Yes, increased utility bills (e.g., air conditioning,fan)","Yes, I have savings or a financial safety net",Yes,"Electric fan, Charging fan, Air condition, Home made fan"
152,Male,37,"5'7""",95,Graduate,Married,Imam,Middle,5,Yes,Yes,"Dehydration, Fever, Heart problem",No,"Depression, Lack of focus",Yes,"Yes, I eat less",Water,5 liter,"Yes, I drink more water",No noticeable impact,"No, my productivity remains the same","No, no specific support or accommodations provided",Remaining same,"Yes, increased utility bills (e.g., air conditioning,fan)","Yes, I have savings or a financial safety net",Yes,"Electric fan, Home made fan"
153,Male,33 h,5 feet 4 inch,64 kg,Secondary,Married,Intidure,Middle,12 h,Yes,Yes,"Dehydration, Skin problems",Yes,"Depression, Lack of focus",Yes,"No, my eating habits remain the same","Cold Drinks, Water, Fruits",More than 5 liter,"Yes, I drink more water",Decreased energy levels,"No, my productivity remains the same","Yes, frequent breaks and access to shaded areas",Remaining same,"Yes, increased utility bills (e.g., air conditioning,fan)","Yes, I have savings or a financial safety net",Yes,"Electric fan, Charging fan, Home made fan"
154,Male,22,"5'6""",92,Graduate,Unmarried,Student,Poor,1.5,Yes,Yes,Fever,Yes,Lack of focus,Yes,"Yes, I eat less",Fruits,Less than 2 liter,"Yes, I drink more water",Decreased energy levels,"Yes, my productivity decreases","No, no specific support or accommodations provided",Remaining same,"Yes, increased utility bills (e.g., air conditioning,fan)","No, I would struggle to handle unexpected expenses",Yes,Electric fan
155,Male,46,5 feet 8 inch,55 kg,Secondary,Unmarried,Business man,Middle,12 h,Yes,Yes,"Dehydration, Skin problems",Yes,"Increased stress, Lack of focus",Yes,,"Cold Drinks, Water",4 liter,"Yes, I drink more water",Decreased energy levels,"Yes, my productivity decreases","Yes, frequent breaks and access to shaded areas",I earn less,"Yes, increased utility bills (e.g., air conditioning,fan)","No, I would struggle to handle unexpected expenses",Yes,"Electric fan, Home made fan"
156,Male,24,"5'5""",77,Graduate,Unmarried,Student,Middle,8,Yes,Yes,Dehydration,Yes,"Anxiety, Lack of focus",Yes,"Yes, I eat less","Water, Saline",4 liter,"Yes, I drink more water","Decreased energy levels, □Reduced physical stamina, Difficulty concentrating","Yes, my productivity decreases","No, no specific support or accommodations provided",Remaining same,"Yes, additional costs for personal protective equipment suitable for heat","No, I would struggle to handle unexpected expenses",Yes,Electric fan
157,Female,45,5,55 kg,Primary,Married,House wife,Poorest,8 h,Yes,Yes,"Dehydration, Fever, Skin problems",Yes,"Depression, Lack of focus",Yes,"Yes, I eat less",Water,4 liter,"Yes, I drink more water",Decreased energy levels,"Yes, my productivity decreases","No, no specific support or accommodations provided",Remaining same,"Yes, increased utility bills (e.g., air conditioning,fan)","No, I would struggle to handle unexpected expenses",Yes,"Electric fan, Home made fan"
158,Male,25,"5'8""",94,Graduate,Unmarried,Student,Middle,5,Yes,Yes,"Heatstroke, Fever",Yes,"Decreased motivation, Anxiety, Depression, Lack of focus",Yes,"Yes, I eat more","Cold Drinks, Water, Saline, Fruits",4 liter,"Yes, I drink more water","Decreased energy levels, □Reduced physical stamina","Yes, my productivity decreases","No, no specific support or accommodations provided",Remaining same,"No, no significant financial challenges","Yes, I have savings or a financial safety net",Yes,"Electric fan, Charging fan, Home made fan"
159,Male,22,5 feet 4 inch,54 kg,Graduate,Unmarried,Dentist,Middle,8 h,Yes,Yes,none,No,none,Yes,"No, my eating habits remain the same","Cold Drinks, Water, Fruits",4 liter,"Yes, I drink more water",□Reduced physical stamina,"Yes, my productivity decreases","Yes, frequent breaks and access to shaded areas",Remaining same,"Yes, increased utility bills (e.g., air conditioning,fan)","Yes, I have savings or a financial safety net",Yes,"Electric fan, Home made fan"
160,Female,39,"5'4""",64,Primary,Married,Housewife ,Middle,4.5,Yes,Yes,"Fever, Skin problems",Yes,"Decreased motivation, Anxiety, Depression",Yes,"Yes, I eat less","Water, Saline",4 liter,"Yes, I drink more water",□Reduced physical stamina,"Yes, my productivity decreases","No, no specific support or accommodations provided",Remaining same,"Yes, additional costs for personal protective equipment suitable for heat","Yes, I have savings or a financial safety net",Yes,"Electric fan, Home made fan"
161,Male,42,5 feet 6 inch,654 kg,Primary,Unmarried,Sales man,Poor,12 h,Yes,Yes,"Fever, Vomit, Skin problems",Yes,"Increased stress, Depression, Lack of focus",Yes,"Yes, I eat less","Water, Saline",3 liter,"No, my fluid intake remains the same","Decreased energy levels, □Reduced physical stamina","Yes, my productivity decreases","Yes, frequent breaks and access to shaded areas",I earn less,"Yes, increased utility bills (e.g., air conditioning,fan)","No, I would struggle to handle unexpected expenses",Yes,"Electric fan, Home made fan"
162,Male,38,"5'1""",66,Primary,Married,Day labour,Poor,14,Yes,Yes,"Heatstroke, Fever",Yes,Lack of focus,Yes,"Yes, I eat more","Water, Saline",4 liter,"Yes, I drink more water",Decreased energy levels,"No, my productivity remains the same","Yes, provision of personal protective equipment (PPE) suitable for heat",I earn less,"No, no significant financial challenges","No, I would struggle to handle unexpected expenses",Yes,"Electric fan, Home made fan"
163,Male,57,"5'5""",66,Secondary,Married,Business man ,Rich,6,Yes,Yes,"Heatstroke, Fever",Yes,"Decreased motivation, Anxiety, Lack of focus",Yes,"Yes, I eat less","Cold Drinks, Water, Saline, Fruits",4 liter,"Yes, I drink more water",Difficulty concentrating,"No, my productivity remains the same","Yes, provision of personal protective equipment (PPE) suitable for heat",Remaining same,"Yes, increased utility bills (e.g., air conditioning,fan)","Yes, I have savings or a financial safety net",Yes,"Electric fan, Charging fan, Home made fan"
164,Male,59,"5'2""",76,Secondary,Married,Farmer,Middle,8,Yes,Yes,"Dehydration, Heatstroke, Fever",Yes,"Decreased motivation, Anxiety, Depression",Yes,"Yes, I eat less","Water, Saline",3 liter,"Yes, I drink more water",□Reduced physical stamina,"Yes, my productivity decreases","No, no specific support or accommodations provided",I earn less,"Yes, additional costs for personal protective equipment suitable for heat","No, I would struggle to handle unexpected expenses",Yes,"Electric fan, Home made fan"
165,Male,61,"5'7""",70,Primary,Married,Day labour,Poor,7,Yes,Yes,Heatstroke,Yes,"Anxiety, Depression, Lack of focus",Yes,"Yes, I eat less",Water,4 liter,"Yes, I drink more water",Difficulty concentrating,"Yes, my productivity decreases","No, no specific support or accommodations provided",I earn less,"No, no significant financial challenges","No, I would struggle to handle unexpected expenses",Yes,"Electric fan, Home made fan"
166,Male,38,5 feet 7 inch,78 kg,Graduate,Married,Sales man,Middle,12 h,Yes,Yes,"Dehydration, Fever",Yes,"Increased stress, Depression, Lack of focus",Yes,"Yes, I eat less","Cold Drinks, Water, Fruits",4 liter,"Yes, I drink more water",Decreased energy levels,"Yes, my productivity decreases","Yes, frequent breaks and access to shaded areas",Remaining same,"Yes, additional costs for personal protective equipment suitable for heat","No, I would struggle to handle unexpected expenses",Yes,"Electric fan, Charging fan, Home made fan"
167,Male,48,5 feet 4 inch,57 kg,Illiterate,Married,Day labour,Poor,10,Yes,Yes,"Dehydration, Heatstroke, Fever",Yes,"Increased stress, Anxiety",Yes,"Yes, I eat less",Water,3 liter,"Yes, I drink more water","Decreased energy levels, □Reduced physical stamina, Difficulty concentrating","Yes, my productivity decreases","No, no specific support or accommodations provided",I earn less,"Yes, additional costs for personal protective equipment suitable for heat","No, I would struggle to handle unexpected expenses",Yes,"Electric fan, Home made fan"
168,Male,38,5 feet,56 kg,Primary,Married,Construction Worker,Poor,10 h,Yes,Yes,"Dehydration, Fever",Yes,"Increased stress, Decreased motivation, Anxiety",Yes,"Yes, I eat less","Water, Fruits",5 liter,"Yes, I drink more water","Decreased energy levels, Difficulty concentrating","Yes, my productivity decreases","Yes, frequent breaks and access to shaded areas",I earn more,"No, no significant financial challenges","No, I would struggle to handle unexpected expenses",Yes,"Electric fan, Home made fan"
169,Male,50,5 feet 3 inch,60 kg,Illiterate,Married,Construction Worker,Poor,10 h,Yes,Yes,"Dehydration, Heatstroke, Fever",Yes,"Decreased motivation, Lack of focus",Yes,"Yes, I eat less","Water, Saline",5 liter,"Yes, I drink more water","□Reduced physical stamina, Difficulty concentrating","Yes, my productivity decreases","Yes, frequent breaks and access to shaded areas",I earn less,"Yes, increased utility bills (e.g., air conditioning,fan)","No, I would struggle to handle unexpected expenses",Yes,"Electric fan, Home made fan"
170,Female,45,5 feet 2 inch,75 kg,Primary,Married,house wife,Rich,6 h,Yes,Yes,"Dehydration, Heatstroke, Fever, Vomit, Skin problems",Yes,"Increased stress, Decreased motivation, Anxiety",Yes,"Yes, I eat less","Cold Drinks, Saline, Fruits",4 liter,"Yes, I drink more water","Decreased energy levels, □Reduced physical stamina","No, my productivity remains the same","No, no specific support or accommodations provided",Remaining same,"Yes, additional costs for personal protective equipment suitable for heat","No, I would struggle to handle unexpected expenses",Yes,"Electric fan, Charging fan, Home made fan"
171,Male,31,5 feet 6 inch,69 kg,Under graduate ,Unmarried,Teacher ,Middle,7 h,Yes,Yes,"Dehydration, Fever",Yes,"Increased stress, Anxiety, Depression",Yes,"No, my eating habits remain the same","Cold Drinks, Water, Fruits",4 liter,"Yes, I drink more water","Decreased energy levels, □Reduced physical stamina","No, my productivity remains the same","No, no specific support or accommodations provided",Remaining same,"Yes, increased utility bills (e.g., air conditioning,fan)","No, I would struggle to handle unexpected expenses",Yes,Electric fan
172,Female,56,5 feet 4 inch,53 kg,Illiterate,Widowed,cooking,Poor,12 h,Yes,Yes,"Dehydration, Heatstroke, Fever, pain head",Yes,"Increased stress, Anxiety",Yes,"Yes, I eat less","Water, Saline",3 liter,"No, my fluid intake remains the same",No noticeable impact,"No, my productivity remains the same","No, no specific support or accommodations provided",Remaining same,"No, no significant financial challenges","No, I would struggle to handle unexpected expenses",Yes,"Electric fan, Home made fan"
173,Female,50,5,48 kg,Primary,Married,cooking,Poor,10 h,Yes,Yes,"Heatstroke, Fever",Yes,"Increased stress, Decreased motivation",Yes,"Yes, I eat less","Water, Saline",3 liter,"Yes, I drink more water",□Reduced physical stamina,"No, my productivity remains the same","No, no specific support or accommodations provided",Remaining same,"Yes, increased utility bills (e.g., air conditioning,fan)","No, I would struggle to handle unexpected expenses",Yes,"Electric fan, Home made fan"
174,Male,33,5 feet,57 kg,Secondary,Married,Construction Worker,Middle,7 h,Yes,Yes,"Dehydration, Fever",Yes,"Increased stress, Anxiety",Yes,"Yes, I eat less","Cold Drinks, Water, Fruits",4 liter,"Yes, I drink more water","Decreased energy levels, □Reduced physical stamina","Yes, my productivity decreases","Yes, frequent breaks and access to shaded areas",I earn less,"Yes, increased utility bills (e.g., air conditioning,fan)","Yes, I have savings or a financial safety net",Yes,"Electric fan, Home made fan"
175,Male,47,5 feet 5 inch,67 kg,Graduate,Married,Teacher,Middle,6 h,Yes,Yes,"Dehydration, Fever",Yes,"Increased stress, Lack of focus",Yes,"Yes, I eat less","Water, Fruits",4 liter,"Yes, I drink more water","Decreased energy levels, □Reduced physical stamina","Yes, my productivity decreases","Yes, frequent breaks and access to shaded areas",Remaining same,"Yes, increased utility bills (e.g., air conditioning,fan)","Yes, I have savings or a financial safety net",Yes,"Electric fan, Charging fan, Home made fan"
176,Male,44,5 feet,68,Graduate,Married,Service Holder,Middle,7 h,Yes,Yes,"Dehydration, Skin problems",Yes,"Decreased motivation, Depression, Lack of focus",Yes,"No, my eating habits remain the same","Cold Drinks, Water, Fruits",3 liter,"Yes, I drink more water","□Reduced physical stamina, Difficulty concentrating","Yes, my productivity decreases","Yes, frequent breaks and access to shaded areas",Remaining same,"Yes, increased utility bills (e.g., air conditioning,fan)","No, I would struggle to handle unexpected expenses",Yes,"Electric fan, Charging fan, Home made fan"
177,Male,46,5 feet 3 inch,68 kg,Graduate,Married,Teacher,Rich,7 h,Yes,Yes,"Dehydration, Fever",Yes,"Depression, Lack of focus",Yes,"No, my eating habits remain the same","Water, Fruits",4 liter,"Yes, I drink more water",□Reduced physical stamina,"Yes, my productivity decreases","Yes, frequent breaks and access to shaded areas",I earn less,"Yes, increased utility bills (e.g., air conditioning,fan)","Yes, I have savings or a financial safety net",Yes,"Electric fan, Charging fan"
178,Male,35,5 feet 5 inch,73 kg,Graduate,Unmarried,Banker ,Middle,8 h,Yes,Yes,"Dehydration, Fever",Yes,"Increased stress, Decreased motivation",Yes,"Yes, I eat less","Cold Drinks, Water, Fruits",More than 5 liter,"Yes, I drink more water","Decreased energy levels, □Reduced physical stamina","Yes, my productivity decreases","Yes, frequent breaks and access to shaded areas",I earn less,"Yes, increased utility bills (e.g., air conditioning,fan)","Yes, I have savings or a financial safety net",Yes,"Electric fan, Charging fan, Home made fan"
179,Male,50,5 feet 7 inch,79 kg,Graduate,Married,Doctor,Rich,6 h,Yes,Yes,"Dehydration, Fever",Yes,"Increased stress, Depression, Lack of focus",Yes,"Yes, I eat less","Cold Drinks, Water, Fruits",4 liter,"Yes, I drink more water",□Reduced physical stamina,"Yes, my productivity decreases","Yes, frequent breaks and access to shaded areas",Remaining same,"Yes, increased utility bills (e.g., air conditioning,fan)","Yes, I have savings or a financial safety net",Yes,"Electric fan, Charging fan, Air condition"
180,Male,43,5 feet 4 inch,62 kg,Primary,Married,Car Maker,Middle,12 h,Yes,Yes,"Dehydration, Skin problems",Yes,"Increased stress, Lack of focus",Yes,"Yes, I eat more","Cold Drinks, Water, Fruits",5 liter,"Yes, I drink more water","Decreased energy levels, □Reduced physical stamina","No, my productivity remains the same","No, no specific support or accommodations provided",I earn more,"Yes, increased utility bills (e.g., air conditioning,fan)","No, I would struggle to handle unexpected expenses",Yes,"Electric fan, Charging fan, Home made fan"
181,Male,37,5 feet 7 ,78 kg,Graduate,Married,Imam of Mosque,Middle,8 h,Yes,Yes,"Dehydration, Fever, Skin problems",Yes,"Increased stress, Lack of focus",Yes,"No, my eating habits remain the same","Water, Fruits",4 liter,"Yes, I drink more water","□Reduced physical stamina, Difficulty concentrating","No, my productivity remains the same","No, no specific support or accommodations provided",Remaining same,"Yes, increased utility bills (e.g., air conditioning,fan)","No, I would struggle to handle unexpected expenses",Yes,"Electric fan, Charging fan, Home made fan"
182,Male,40,"5'8""",72,Illiterate,Married,Day labour,Poorest,8,Yes,Yes,"Dehydration, Heatstroke, Headache ",Yes,"Decreased motivation, Anxiety",Yes,"No, my eating habits remain the same",Water,5 liter,"Yes, I drink more water","Decreased energy levels, □Reduced physical stamina","No, my productivity remains the same","No, no specific support or accommodations provided",Remaining same,"Yes, increased utility bills (e.g., air conditioning,fan)","No, I would struggle to handle unexpected expenses",Yes,"Electric fan, Home made fan"
183,Male,65,5'5,58,Primary,Married,Day labour,Poor,11,Yes,Yes,Dehydration,Yes,"Decreased motivation, Anxiety",Yes,"Yes, I eat less","Water, Saline",3 liter,"Yes, I drink more water","Decreased energy levels, □Reduced physical stamina","No, my productivity remains the same","No, no specific support or accommodations provided",Remaining same,"Yes, increased utility bills (e.g., air conditioning,fan)","No, I would struggle to handle unexpected expenses",Yes,"Electric fan, Home made fan, Table fan"
184,Male,54,5'6,53,Primary,Married,Day labour,Poor,11,No,Yes,Dehydration,Yes,"Decreased motivation, Anger",Yes,"No, my eating habits remain the same",Water,Less than 2 liter,"Yes, I drink more water","Decreased energy levels, □Reduced physical stamina, Difficulty concentrating","No, my productivity remains the same","No, no specific support or accommodations provided",Remaining same,"Yes, increased utility bills (e.g., air conditioning,fan)","No, I would struggle to handle unexpected expenses",Yes,"Electric fan, Home made fan, Table fan"
185,Female,45,4'7,52,Illiterate,Married,House wife ,Poorest,11,Yes,Yes,"Dehydration, Headache ",Yes,"Decreased motivation, Anxiety, Anger",Yes,"Yes, I eat less","Water, Saline",3 liter,"Yes, I drink more water","Decreased energy levels, □Reduced physical stamina","No, my productivity remains the same","No, no specific support or accommodations provided",Remaining same,"No, no significant financial challenges","No, I would struggle to handle unexpected expenses",Yes,"Electric fan, Home made fan"
186,Male,43,5 feet 3 inch,80 kg,Secondary,Married,Muyajjin,Middle,8 h,Yes,Yes,"Dehydration, Fever",Yes,"Increased stress, Anxiety, Lack of focus",Yes,"No, my eating habits remain the same","Water, Fruits",4 liter,"Yes, I drink more water","□Reduced physical stamina, Difficulty concentrating","Yes, my productivity decreases","Yes, frequent breaks and access to shaded areas",I earn less,"Yes, increased utility bills (e.g., air conditioning,fan)","No, I would struggle to handle unexpected expenses",Yes,"Electric fan, Charging fan, Home made fan"
187,Male,57,5 feet 10 inch,68 kg,Primary,Married,Day labour,Poor,10 h,Yes,Yes,"Dehydration, Pain head",Yes,"Increased stress, Anxiety",Yes,"Yes, I eat less",Water,4 liter,"Yes, I drink more water",□Reduced physical stamina,"Yes, my productivity decreases","Yes, frequent breaks and access to shaded areas",I earn less,"Yes, increased utility bills (e.g., air conditioning,fan)","No, I would struggle to handle unexpected expenses",Yes,"Electric fan, Home made fan"
188,Male,39,5 feet 2 inch,72 kg,Primary,Married,Day labour,Poor,10 h,Yes,Yes,"Dehydration, Fever",Yes,"Increased stress, Decreased motivation, Lack of focus",Yes,"No, my eating habits remain the same","Cold Drinks, Water",4 liter,"Yes, I drink more water","Decreased energy levels, □Reduced physical stamina","Yes, my productivity decreases","No, no specific support or accommodations provided",I earn less,"Yes, increased utility bills (e.g., air conditioning,fan)","No, I would struggle to handle unexpected expenses",Yes,"Electric fan, Charging fan, Home made fan"
189,Male,71,5 feet 5 inch,73 kg,Secondary,Married,,Rich,3 h,Yes,Yes,"Dehydration, Fever, Skin problems",Yes,"Decreased motivation, Anxiety, Lack of focus",Yes,"No, my eating habits remain the same","Cold Drinks, Water, Fruits",4 liter,"Yes, I drink more water","Decreased energy levels, □Reduced physical stamina","Yes, my productivity decreases","No, no specific support or accommodations provided",Remaining same,"Yes, additional costs for personal protective equipment suitable for heat","Yes, I have savings or a financial safety net",Yes,"Electric fan, Charging fan, Air condition, Home made fan"
190,Male,58,5 feet 8 inch,75 kg,Primary,Married,Construction Worker,Poor,7 h,Yes,Yes,"Dehydration, Fever",Yes,"Increased stress, Anxiety, Lack of focus",Yes,"Yes, I eat less","Water, Saline",4 liter,"Yes, I drink more water","□Reduced physical stamina, Difficulty concentrating","Yes, my productivity decreases","Yes, frequent breaks and access to shaded areas",Remaining same,"Yes, increased utility bills (e.g., air conditioning,fan)","No, I would struggle to handle unexpected expenses",Yes,"Electric fan, Home made fan"
191,Male,60,5'6,54,Illiterate,Married,Farmer,Poor,11,Yes,Yes,"Dehydration, Heatstroke",Yes,Anxiety,Yes,"Yes, I eat less","Water, Saline, Fruits",3 liter,"Yes, I drink more water","Decreased energy levels, □Reduced physical stamina","Yes, my productivity decreases","No, no specific support or accommodations provided",I earn less,"Yes, increased utility bills (e.g., air conditioning,fan)","No, I would struggle to handle unexpected expenses",Yes,"Electric fan, Home made fan"
192,Male,65,5'8,60,Illiterate,Married,Farmer,Poor,11,Yes,Yes,"Dehydration, Fever",Yes,"Decreased motivation, Anxiety",No,"Yes, I eat less","Water, Saline",5 liter,"Yes, I drink more water","Decreased energy levels, □Reduced physical stamina, Difficulty concentrating","Yes, my productivity decreases",,I earn less,"Yes, increased utility bills (e.g., air conditioning,fan)","No, I would struggle to handle unexpected expenses",Yes,"Electric fan, Home made fan, Table"
193,Male,54,5'7,54,Primary,Married,Day labour,Poor,12,Yes,Yes,"Dehydration, Coughing ",No,No change ,Yes,"Yes, I eat less",Water,4 liter,"Yes, I drink more water","Decreased energy levels, □Reduced physical stamina, Difficulty concentrating","Yes, my productivity decreases","No, no specific support or accommodations provided",I earn less,"Yes, increased utility bills (e.g., air conditioning,fan)","No, I would struggle to handle unexpected expenses",Yes,"Electric fan, Home made fan"
194,Male,42,5'4,56,Primary,Married,Business man,Middle,9,Yes,Yes,Dehydration,Yes,"Anxiety, Depression",Yes,"Yes, I eat less","Cold Drinks, Water, Saline",4 liter,"Yes, I drink more water","Decreased energy levels, Difficulty concentrating","Yes, my productivity decreases","Yes, frequent breaks and access to shaded areas",I earn less,"Yes, increased utility bills (e.g., air conditioning,fan)","No, I would struggle to handle unexpected expenses",Yes,"Electric fan, Home made fan"
195,Female,26,5,62,Secondary,Married,House wife ,Middle,11,Yes,Yes,"Dehydration, Fever, Vomit",Yes,"Increased stress, Anxiety",No,"Yes, I eat less","Water, Saline, Juice ",4 liter,"Yes, I drink more water","Decreased energy levels, □Reduced physical stamina","No, my productivity remains the same","Yes, frequent breaks and access to shaded areas",Remaining same,"Yes, increased utility bills (e.g., air conditioning,fan)","No, I would struggle to handle unexpected expenses",Yes,"Electric fan, Home made fan"
196,Male,28,5'5,56,Primary,Married,Day labour,Poorest,9,Yes,Yes,"Dehydration, Fever",Yes,"Increased stress, Anxiety",Yes,"No, my eating habits remain the same",Water,5 liter,"Yes, I drink more water","Decreased energy levels, □Reduced physical stamina","Yes, my productivity decreases","No, no specific support or accommodations provided",I earn less,"Yes, increased utility bills (e.g., air conditioning,fan)","No, I would struggle to handle unexpected expenses",Yes,"Home made fan, Table fan "
197,Female,50,4'8,45,Primary,Married,House wife ,Poor,12,Yes,Yes,"Dehydration, Fever, Vomit, Skin problems",Yes,"Increased stress, Decreased motivation, Anxiety",No,"No, my eating habits remain the same","Water, Saline",4 liter,"Yes, I drink more water","Decreased energy levels, □Reduced physical stamina","No, my productivity remains the same","Yes, frequent breaks and access to shaded areas",Remaining same,"Yes, increased utility bills (e.g., air conditioning,fan)","No, I would struggle to handle unexpected expenses",Yes,"Electric fan, Home made fan"
198,Male,39,5'3,60,Secondary,Married,Service Holder,Middle,8,Yes,Yes,"Dehydration, Cough ",Yes,"Increased stress, Depression, Lack of focus",Yes,"Yes, I eat less","Cold Drinks, Water, Saline",5 liter,"Yes, I drink more water","Decreased energy levels, □Reduced physical stamina, Difficulty concentrating","No, my productivity remains the same","Yes, frequent breaks and access to shaded areas",Remaining same,"Yes, increased utility bills (e.g., air conditioning,fan)","Yes, I have savings or a financial safety net",Yes,"Electric fan, Charging fan, Home made fan"
199,Male,40,5'6,68,Secondary,Married,Security guard ,Poor,8,Yes,Yes,Dehydration,No,No change ,Yes,"No, my eating habits remain the same",Water,More than 5 liter,"Yes, I drink more water",No noticeable impact,"No, my productivity remains the same","No, no specific support or accommodations provided",Remaining same,"Yes, increased utility bills (e.g., air conditioning,fan)","No, I would struggle to handle unexpected expenses",Yes,"Electric fan, Table fan "
200,Male,43,5'8,75,Higher Secondary,Married,Security guard ,Middle,8,Yes,Yes,"Dehydration, Fever",Yes,Increased stress,No,"No, my eating habits remain the same","Water, Saline, Vegetables ",More than 5 liter,"Yes, I drink more water",No noticeable impact,"No, my productivity remains the same","Yes, provision of personal protective equipment (PPE) suitable for heat",Remaining same,"Yes, increased utility bills (e.g., air conditioning,fan)","No, I would struggle to handle unexpected expenses",Yes,"Electric fan, Charging fan, Home made fan"
201,Male,37,5'7,55,Higher Secondary,Married,Sales man,Middle,12,Yes,Yes,"Dehydration, Fever, Skin problems",Yes,"Increased stress, Decreased motivation, Anxiety",Yes,"Yes, I eat less","Cold Drinks, Water, Saline",3 liter,"Yes, I drink more water","Decreased energy levels, □Reduced physical stamina","No, my productivity remains the same","No, no specific support or accommodations provided",I earn less,"Yes, increased utility bills (e.g., air conditioning,fan)","No, I would struggle to handle unexpected expenses",Yes,"Electric fan, Home made fan, Table fan "
202,Female,36,4'8,43,Primary,Married,House wife ,Poor,11,Yes,Yes,"Dehydration, Fever",Yes,"Increased stress, Decreased motivation, Depression",Yes,"Yes, I eat less",Water,Less than 2 liter,"No, my fluid intake remains the same","Decreased energy levels, □Reduced physical stamina","No, my productivity remains the same","No, no specific support or accommodations provided",Remaining same,"Yes, increased utility bills (e.g., air conditioning,fan)","Yes, I have savings or a financial safety net",Yes,"Electric fan, Home made fan"
203,Female,60,5 feet 2 inch,63 kg,Primary,Widowed,Cooking ,Poor,12 h,Yes,Yes,"Fever, Skin problems",Yes,"Increased stress, Lack of focus",Yes,"Yes, I eat less","Water, Saline",3 liter,"Yes, I drink more water","□Reduced physical stamina, Difficulty concentrating","Yes, my productivity decreases","Yes, frequent breaks and access to shaded areas",Remaining same,"Yes, increased utility bills (e.g., air conditioning,fan)","No, I would struggle to handle unexpected expenses",Yes,"Electric fan, Home made fan"
204,Male,60,5'4,64,Primary,Married,Construction Worker,Poor,12,No,Yes,"Dehydration, Fever",Yes,"Increased stress, Anxiety, Depression",No,"Yes, I eat less","Water, Saline",3 liter,"No, my fluid intake remains the same","□Reduced physical stamina, Difficulty concentrating","No, my productivity remains the same","No, no specific support or accommodations provided",I earn more,"Yes, increased utility bills (e.g., air conditioning,fan)","No, I would struggle to handle unexpected expenses",Yes,"Electric fan, Home made fan"
205,Male,53,5 feet 5 inch,67 kg,Primary,Married,Businessman ,Poor,7 h,Yes,Yes,"Dehydration, Skin problems",Yes,"Increased stress, Lack of focus, Uncomfortable ",Yes,"No, my eating habits remain the same","Cold Drinks, Water, Saline",4 liter,"Yes, I drink more water","Decreased energy levels, □Reduced physical stamina","Yes, my productivity decreases","Yes, frequent breaks and access to shaded areas",I earn more,"Yes, increased utility bills (e.g., air conditioning,fan)","No, I would struggle to handle unexpected expenses",Yes,"Electric fan, Charging fan, Home made fan"
206,Male,50,5'6,60,Primary,Married,Sales man,Middle,12,Yes,Yes,"Dehydration, Heatstroke",Yes,"Increased stress, Anxiety, Lack of focus",Yes,"No, my eating habits remain the same","Water, Fruits, Vegetables ",4 liter,"Yes, I drink more water","Decreased energy levels, □Reduced physical stamina","No, my productivity remains the same","Yes, frequent breaks and access to shaded areas",Remaining same,"Yes, increased utility bills (e.g., air conditioning,fan)","No, I would struggle to handle unexpected expenses",Yes,"Electric fan, Home made fan, Table fan "
207,Male,45,5'5,68,Higher Secondary,Married,Sales man,Middle,12,No,No,No change ,No,No change ,No,"No, my eating habits remain the same",Water,3 liter,"Yes, I drink more water",No noticeable impact,"Yes, my productivity decreases","Yes, frequent breaks and access to shaded areas",I earn less,"Yes, increased utility bills (e.g., air conditioning,fan)","No, I would struggle to handle unexpected expenses",Yes,"Electric fan, Home made fan"
208,Male,44,5'6,90,Secondary,Married,Sales man,Middle,9,Yes,Yes,"Dehydration, Fever",Yes,"Increased stress, Anxiety, Depression",Yes,"Yes, I eat less","Water, Fruits",3 liter,"Yes, I drink more water","Decreased energy levels, □Reduced physical stamina","Yes, my productivity decreases","Yes, frequent breaks and access to shaded areas",I earn less,"Yes, increased utility bills (e.g., air conditioning,fan)","No, I would struggle to handle unexpected expenses",Yes,"Electric fan, Charging fan, Home made fan"
209,Female,55,4'8,52,Illiterate,Married,House wife ,Poorest,9,Yes,Yes,"Dehydration, Fever",Yes,"Increased stress, Anxiety",Yes,"Yes, I eat less","Water, Saline",3 liter,"Yes, I drink more water",□Reduced physical stamina,"No, my productivity remains the same","Yes, frequent breaks and access to shaded areas",Remaining same,"Yes, increased utility bills (e.g., air conditioning,fan)","No, I would struggle to handle unexpected expenses",Yes,"Electric fan, Home made fan, Table fan "
210,Male,60,5'5,72,Illiterate,Married,Farmer,Poorest,9,No,No,No change ,Yes,"Increased stress, Anxiety",No,"No, my eating habits remain the same","Water, Saline",4 liter,"Yes, I drink more water",No noticeable impact,"Yes, my productivity decreases","No, no specific support or accommodations provided",I earn less,"Yes, increased utility bills (e.g., air conditioning,fan)","No, I would struggle to handle unexpected expenses",Yes,"Electric fan, Home made fan"
211,Female,26,5'1,62,Secondary,Married,House wife ,Middle,12,Yes,Yes,"Dehydration, Skin problems",No,No change ,Yes,"Yes, I eat less","Water, Saline, Fruits, Juice ",,"Yes, I drink more water","Decreased energy levels, Difficulty concentrating","No, my productivity remains the same","Yes, frequent breaks and access to shaded areas",I earn less,"Yes, increased utility bills (e.g., air conditioning,fan)","No, I would struggle to handle unexpected expenses",Yes,"Electric fan, Charging fan, Home made fan"
212,Female,40,5'3,60,Primary,Married,House wife ,Middle,11,Yes,Yes,"Dehydration, Heatstroke, Vomit",No,No change ,Yes,"No, my eating habits remain the same",Water,Less than 2 liter,"No, my fluid intake remains the same",Decreased energy levels,,"Yes, frequent breaks and access to shaded areas",Remaining same,"Yes, increased utility bills (e.g., air conditioning,fan)","No, I would struggle to handle unexpected expenses",Yes,"Electric fan, Home made fan"
213,Female,24,5'4,57,Graduate,Married,Teacher ,Middle,5,Yes,No,No problem ,Yes,Anxiety,No,"No, my eating habits remain the same","Water, Saline",Less than 2 liter,"Yes, I drink more water","□Reduced physical stamina, Difficulty concentrating","No, my productivity remains the same","Yes, frequent breaks and access to shaded areas",Remaining same,"Yes, increased utility bills (e.g., air conditioning,fan)","No, I would struggle to handle unexpected expenses",Yes,"Electric fan, Home made fan"
214,Female,26,5'4,75,Graduate,Married,Sales man,Middle,12,Yes,Yes,"Dehydration, Fever, Skin problems",Yes,"Decreased motivation, Anxiety, Depression, Lack of focus",No,"Yes, I eat less","Water, Fruits",3 liter,"Yes, I drink more water",Difficulty concentrating,"No, my productivity remains the same","No, no specific support or accommodations provided",Remaining same,"Yes, increased utility bills (e.g., air conditioning,fan)","Yes, I have savings or a financial safety net",Yes,"Electric fan, Charging fan, Air condition"
215,Male,43,5'5,95,Degree ,Married,Sales man,Middle,11,Yes,Yes,Dehydration,Yes,"Anxiety, Depression",No,"Yes, I eat less","Cold Drinks, Water, Saline",4 liter,"Yes, I drink more water","Decreased energy levels, □Reduced physical stamina, Difficulty concentrating","Yes, my productivity decreases","Yes, frequent breaks and access to shaded areas",I earn less,"Yes, increased utility bills (e.g., air conditioning,fan)","Yes, I have savings or a financial safety net",Yes,"Electric fan, Home made fan"
216,Male,26,5'5,65,Graduate,Unmarried,Sales man,Middle,12,Yes,Yes,"Dehydration, Vomit",Yes,"Increased stress, Anxiety",No,"Yes, I eat less","Water, Saline",More than 5 liter,"Yes, I drink more water","□Reduced physical stamina, Difficulty concentrating","Yes, my productivity decreases","Yes, frequent breaks and access to shaded areas",I earn less,"Yes, increased utility bills (e.g., air conditioning,fan)","No, I would struggle to handle unexpected expenses",Yes,"Electric fan, Charging fan, Home made fan"
217,Male,42,5'6,74,Illiterate,Married,Day labour,Poor,9,Yes,Yes,Dehydration,No,No change ,No,"No, my eating habits remain the same","Water, Saline",More than 5 liter,"Yes, I drink more water",No noticeable impact,"No, my productivity remains the same","Yes, frequent breaks and access to shaded areas",Remaining same,"Yes, increased utility bills (e.g., air conditioning,fan)","No, I would struggle to handle unexpected expenses",Yes,"Electric fan, Home made fan"
218,Female,48,5'2,65,Primary,Married,House wife ,Poorest,12,Yes,Yes,"Dehydration, Heatstroke, Fever, High pressure ",Yes,"Increased stress, Anxiety",Yes,"Yes, I eat less",Water,4 liter,"Yes, I drink more water","Decreased energy levels, □Reduced physical stamina, Difficulty concentrating","No, my productivity remains the same","No, no specific support or accommodations provided",Remaining same,"Yes, increased utility bills (e.g., air conditioning,fan)","No, I would struggle to handle unexpected expenses",Yes,"Electric fan, Home made fan"
219,Female,27,5'4,53,Secondary,Married,House wife ,Poor,12,Yes,Yes,"Dehydration, Heatstroke, Fever",Yes,"Decreased motivation, Anxiety, Lack of focus",No,"Yes, I eat less",Water,4 liter,"Yes, I drink more water",No noticeable impact,"No, my productivity remains the same","Yes, frequent breaks and access to shaded areas",Remaining same,"Yes, increased utility bills (e.g., air conditioning,fan)","No, I would struggle to handle unexpected expenses",Yes,"Electric fan, Home made fan"
220,Female,35,5'2,52,Primary,Married,House wife ,Poor,11,Yes,Yes,"Dehydration, Skin problems",Yes,"Decreased motivation, Anxiety, Lack of focus",No,"No, my eating habits remain the same",Water,4 liter,"Yes, I drink more water","Decreased energy levels, □Reduced physical stamina","No, my productivity remains the same","No, no specific support or accommodations provided",Remaining same,"Yes, increased utility bills (e.g., air conditioning,fan)","No, I would struggle to handle unexpected expenses",Yes,"Electric fan, Home made fan"
221,Male,65,5'6,70,Illiterate,Married,Rickshawpuller,Poorest,10,Yes,Yes,Dehydration,No,No change ,No,"No, my eating habits remain the same",Water,3 liter,"Yes, I drink more water","Decreased energy levels, □Reduced physical stamina","No, my productivity remains the same","Yes, frequent breaks and access to shaded areas",I earn less,"Yes, increased utility bills (e.g., air conditioning,fan)","No, I would struggle to handle unexpected expenses",Yes,"Home made fan, Table and "
222,Male,65,5'1,42,Illiterate,Married,Farmer,Poorest,8,Yes,Yes,"Dehydration, Skin problems",Yes,"Increased stress, Anxiety",Yes,"Yes, I eat less",Water,3 liter,"Yes, I drink more water","Decreased energy levels, □Reduced physical stamina","Yes, my productivity decreases","No, no specific support or accommodations provided",I earn less,"Yes, increased utility bills (e.g., air conditioning,fan)","No, I would struggle to handle unexpected expenses",Yes,"Home made fan, Table fan "
223,Female,32,5,47,Graduate,Unmarried,Teacher ,Middle,6,Yes,Yes,"Dehydration, Heatstroke, Headache ",Yes,"Anxiety, Depression, Migraine ",Yes,"No, my eating habits remain the same",Water,3 liter,"Yes, I drink more water","□Reduced physical stamina, Difficulty concentrating","No, my productivity remains the same","No, no specific support or accommodations provided",Remaining same,"Yes, increased utility bills (e.g., air conditioning,fan)","No, I would struggle to handle unexpected expenses",Yes,"Electric fan, Home made fan"
224,Male,56,5'7,73,Primary,Married,Day labour,Poor,9,Yes,Yes,"Dehydration, Fever, Headache ",Yes,"Increased stress, Decreased motivation, Anxiety",Yes,"Yes, I eat less",Water,5 liter,"Yes, I drink more water","Decreased energy levels, □Reduced physical stamina, Difficulty concentrating","Yes, my productivity decreases","No, no specific support or accommodations provided",I earn less,"Yes, increased utility bills (e.g., air conditioning,fan)","No, I would struggle to handle unexpected expenses",Yes,"Electric fan, Home made fan"
225,Female,37,5'2,62,Illiterate,Married,House wife ,Poor,10,Yes,Yes,"Dehydration, Fever, Skin problems",Yes,"Increased stress, Anxiety, Lack of focus",Yes,"No, my eating habits remain the same","Cold Drinks, Water",4 liter,"Yes, I drink more water","Decreased energy levels, □Reduced physical stamina","Yes, my productivity decreases","No, no specific support or accommodations provided",I earn less,"Yes, increased utility bills (e.g., air conditioning,fan)","No, I would struggle to handle unexpected expenses",Yes,"Electric fan, Home made fan"
226,Male,55,5'6,75,Higher Secondary,Married,Service Holder,Middle,11,No,No,No change ,Yes,Anxiety,No,"No, my eating habits remain the same","Cold Drinks, Water, Fruits",4 liter,"Yes, I drink more water",No noticeable impact,"No, my productivity remains the same","Yes, frequent breaks and access to shaded areas",Remaining same,"Yes, increased utility bills (e.g., air conditioning,fan)","No, I would struggle to handle unexpected expenses",Yes,"Electric fan, Charging fan, Home made fan"
227,Male,29,5 feet 8 inch,60 kg,Graduate,Unmarried,Service Holder,Middle,12 h,Yes,Yes,Skin problems,Yes,"Depression, Lack of focus",Yes,"No, my eating habits remain the same","Water, Saline",3 liter,"Yes, I drink more water",Decreased energy levels,"Yes, my productivity decreases","No, no specific support or accommodations provided",Remaining same,"Yes, increased utility bills (e.g., air conditioning,fan)","No, I would struggle to handle unexpected expenses",No,Home made fan
228,Female,36m,5'3,70,Higher Secondary,Married,Security guard ,Middle,8,Yes,Yes,"Dehydration, Heatstroke",Yes,"Increased stress, Lack of focus",Yes,"Yes, I eat less","Water, Saline",Less than 2 liter,"No, my fluid intake remains the same",Difficulty concentrating,"No, my productivity remains the same","Yes, frequent breaks and access to shaded areas",Remaining same,"Yes, increased utility bills (e.g., air conditioning,fan)","No, I would struggle to handle unexpected expenses",Yes,"Electric fan, Table fan "
229,Female,32,5 feet 1 inch,63 kg,Degree ,Married,Households ,Middle,7 h,Yes,Yes,"Dehydration, Skin problems",Yes,"Increased stress, Lack of focus, Uncomfortable ",Yes,"No, my eating habits remain the same","Cold Drinks, Water, Fruits",3 liter,"Yes, I drink more water",□Reduced physical stamina,"No, my productivity remains the same","No, no specific support or accommodations provided",Remaining same,"Yes, increased utility bills (e.g., air conditioning,fan)","Yes, I have savings or a financial safety net",Yes,"Electric fan, Home made fan"
230,Female,72,4'9,43,Illiterate,Married,House wife ,Poor,11,Yes,Yes,"Dehydration, Heatstroke, Cough ",Yes,"Increased stress, Anxiety",Yes,"Yes, I eat less",Water,4 liter,"Yes, I drink more water",□Reduced physical stamina,"No, my productivity remains the same","Yes, frequent breaks and access to shaded areas",Remaining same,"Yes, increased utility bills (e.g., air conditioning,fan)","Yes, I have savings or a financial safety net",Yes,Electric fan
231,Male,64,5'8,60,Primary,Married,Rickshawpuller,Poorest,11,Yes,Yes,"Dehydration, Fever, Cough ",No,No change ,No,"No, my eating habits remain the same","Water, Saline",4 liter,"Yes, I drink more water",Difficulty concentrating,"Yes, my productivity decreases","No, no specific support or accommodations provided",I earn less,"Yes, increased utility bills (e.g., air conditioning,fan)","No, I would struggle to handle unexpected expenses",Yes,"Home made fan, Table fan "
232,Male,45,5'5,64,Secondary,Married,Construction Worker,Middle,9,Yes,Yes,Dehydration,Yes,"Increased stress, Anxiety",No,"No, my eating habits remain the same","Water, Saline",More than 5 liter,"Yes, I drink more water",No noticeable impact,"No, my productivity remains the same","Yes, frequent breaks and access to shaded areas",Remaining same,"Yes, increased utility bills (e.g., air conditioning,fan)","No, I would struggle to handle unexpected expenses",Yes,"Electric fan, Stand fan"
233,Male,14,5'2,39,Illiterate,Unmarried,Day labour,Poorest,11,Yes,No,"Heatstroke, Fever",No,No change ,Yes,"Yes, I eat less",Water,4 liter,"Yes, I drink more water","Decreased energy levels, Difficulty concentrating","Yes, my productivity decreases","Yes, frequent breaks and access to shaded areas",I earn less,"Yes, increased utility bills (e.g., air conditioning,fan)","No, I would struggle to handle unexpected expenses",Yes,"Electric fan, Home made fan"
234,Male,38,5'5,75,Primary,Married,Construction Worker,Poor,11,Yes,Yes,"Dehydration, Heatstroke",Yes,"Increased stress, Decreased motivation",Yes,"Yes, I eat less","Water, Saline",More than 5 liter,"Yes, I drink more water","□Reduced physical stamina, Difficulty concentrating","Yes, my productivity decreases","No, no specific support or accommodations provided",I earn less,"Yes, increased utility bills (e.g., air conditioning,fan)","No, I would struggle to handle unexpected expenses",Yes,"Electric fan, Home made fan"
235,Male,32,5'4,53,Primary,Married,Construction Worker,Poor,11,Yes,Yes,"Heatstroke, Skin problems",Yes,"Increased stress, Anxiety",No,"Yes, I eat less","Water, Saline",3 liter,"No, my fluid intake remains the same","□Reduced physical stamina, Difficulty concentrating","No, my productivity remains the same","Yes, frequent breaks and access to shaded areas",I earn less,"Yes, increased utility bills (e.g., air conditioning,fan)","No, I would struggle to handle unexpected expenses",Yes,Electric fan
236,Male,62,5'2,57,Illiterate,Married,Rickshawpuller,Poorest,11,Yes,Yes,"Heatstroke, Fever, High pressure ",Yes,"Decreased motivation, Anxiety",Yes,"Yes, I eat less","Water, Saline",Less than 2 liter,"No, my fluid intake remains the same","Decreased energy levels, Difficulty concentrating","Yes, my productivity decreases","Yes, frequent breaks and access to shaded areas",I earn less,"Yes, increased utility bills (e.g., air conditioning,fan)","No, I would struggle to handle unexpected expenses",Yes,"Home made fan, Table fan "
237,Male,45,5'3,72,Graduate,Married,Area manager ,Middle,9,Yes,Yes,Dehydration,Yes,"Increased stress, Anxiety",Yes,"No, my eating habits remain the same","Water, Saline",4 liter,"Yes, I drink more water","□Reduced physical stamina, Difficulty concentrating","No, my productivity remains the same","Yes, frequent breaks and access to shaded areas",Remaining same,"Yes, increased utility bills (e.g., air conditioning,fan)","No, I would struggle to handle unexpected expenses",Yes,Electric fan
238,Male,31,5'1,51,Primary,Married,House wife ,Poor,12,Yes,Yes,"Dehydration, Heatstroke, Fever",Yes,"Increased stress, Decreased motivation",Yes,"Yes, I eat less","Water, Saline",4 liter,"Yes, I drink more water","Decreased energy levels, □Reduced physical stamina","No, my productivity remains the same","Yes, frequent breaks and access to shaded areas",Remaining same,"Yes, increased utility bills (e.g., air conditioning,fan)","No, I would struggle to handle unexpected expenses",,"Electric fan, Table fan "
239,Male,36,5'7,75,Primary,Married,Rickshawpuller,Poor,12,No,No,No change ,Yes,"Increased stress, Anxiety",Yes,"No, my eating habits remain the same",Water,4 liter,"Yes, I drink more water",No noticeable impact,"Yes, my productivity decreases","Yes, frequent breaks and access to shaded areas",I earn less,"Yes, increased utility bills (e.g., air conditioning,fan)","No, I would struggle to handle unexpected expenses",Yes,"Electric fan, Table fan "
240,Female,27,4'9,45,Secondary,Married,House wife ,Poor,11,Yes,Yes,"Dehydration, Fever",Yes,"Increased stress, Decreased motivation",No,"Yes, I eat less",Water,4 liter,"No, my fluid intake remains the same","□Reduced physical stamina, Difficulty concentrating","No, my productivity remains the same","Yes, frequent breaks and access to shaded areas",Remaining same,"Yes, increased utility bills (e.g., air conditioning,fan)","No, I would struggle to handle unexpected expenses",Yes,"Electric fan, Ips"
241,Male,48,5'4,57,Higher Secondary,Married,Sub post master,Middle,8,Yes,Yes,"Dehydration, Headache ",Yes,"Increased stress, Anxiety",No,"No, my eating habits remain the same","Cold Drinks, Water, Saline",5 liter,"Yes, I drink more water",No noticeable impact,"No, my productivity remains the same","No, no specific support or accommodations provided",Remaining same,"No, no significant financial challenges","No, I would struggle to handle unexpected expenses",Yes,"Electric fan, Home made fan"
242,Male,39,5'7,75,Secondary,Married,Security guard ,Middle,8,Yes,Yes,"Dehydration, Fever",Yes,"Increased stress, Decreased motivation, Lack of focus",Yes,"Yes, I eat less","Cold Drinks, Water, Saline",4 liter,"Yes, I drink more water","Decreased energy levels, Difficulty concentrating","No, my productivity remains the same","Yes, frequent breaks and access to shaded areas",Remaining same,"Yes, increased utility bills (e.g., air conditioning,fan)","Yes, I have savings or a financial safety net",Yes,"Electric fan, Home made fan"
243,Female,45,4'8,42,Primary,Married,Day labour,Poorest,11,Yes,Yes,"Dehydration, Fever, Headache ",Yes,"Decreased motivation, Anxiety",Yes,"Yes, I eat less",Water,5 liter,"Yes, I drink more water","Decreased energy levels, □Reduced physical stamina, Difficulty concentrating","Yes, my productivity decreases","No, no specific support or accommodations provided",I earn less,"Yes, increased utility bills (e.g., air conditioning,fan)","No, I would struggle to handle unexpected expenses",Yes,"Electric fan, Home made fan"
244,Male,42,5'5,56,Secondary,Married,Service Holder,Middle,8,Yes,Yes,"Dehydration, Fever, Headache ",No,No change ,No,"No, my eating habits remain the same","Water, Saline",5 liter,"Yes, I drink more water","Decreased energy levels, □Reduced physical stamina","No, my productivity remains the same","Yes, frequent breaks and access to shaded areas",Remaining same,"Yes, increased utility bills (e.g., air conditioning,fan)","Yes, I have savings or a financial safety net",Yes,"Electric fan, Table fan "
245,Male,45,5'6,69,Higher Secondary,Married,Driver,Middle,16,Yes,Yes,"Fever, Headache ",Yes,"Increased stress, Anxiety, Lack of focus",No,"Yes, I eat less","Water, Saline, Vegetables ",More than 5 liter,"Yes, I drink more water",Difficulty concentrating,"No, my productivity remains the same","No, no specific support or accommodations provided",Remaining same,"Yes, increased utility bills (e.g., air conditioning,fan)","Yes, I have savings or a financial safety net",Yes,"Electric fan, Home made fan"
246,Male,46,5'6,86,Secondary,Married,Security guard ,Middle,8,Yes,Yes,"Dehydration, Heatstroke",Yes,"Increased stress, Anxiety",Yes,"No, my eating habits remain the same",Water,More than 5 liter,"Yes, I drink more water","Decreased energy levels, □Reduced physical stamina","No, my productivity remains the same","Yes, provision of personal protective equipment (PPE) suitable for heat",Remaining same,"Yes, increased utility bills (e.g., air conditioning,fan)","No, I would struggle to handle unexpected expenses",Yes,"Electric fan, Table fan "
247,Female,35,5'2,60,Graduate,Unmarried,Service Holder,Middle,6,Yes,Yes,Skin problems,Yes,Lack of focus,Yes,"Yes, I eat less",Water,3 liter,"Yes, I drink more water",Difficulty concentrating,"No, my productivity remains the same","No, no specific support or accommodations provided",Remaining same,"Yes, increased utility bills (e.g., air conditioning,fan)","No, I would struggle to handle unexpected expenses",Yes,"Charging fan, Air condition"
248,Male,23,5'8,70,Higher Secondary,Married,Service Holder,Middle,8,Yes,Yes,Fever,Yes,Depression,Yes,"Yes, I eat less","Water, Saline",3 liter,"Yes, I drink more water",Decreased energy levels,"No, my productivity remains the same","Yes, frequent breaks and access to shaded areas",Remaining same,"Yes, increased utility bills (e.g., air conditioning,fan)","No, I would struggle to handle unexpected expenses",Yes,"Electric fan, Air condition"
249,Male,35,5'4,72,Secondary,Married,Helper,Poor,14,Yes,Yes,"Heatstroke, Fever",Yes,"Anxiety, Lack of focus",No,"Yes, I eat more","Water, Saline",4 liter,"Yes, I drink more water",Difficulty concentrating,"No, my productivity remains the same","No, no specific support or accommodations provided",Remaining same,"Yes, increased utility bills (e.g., air conditioning,fan)","No, I would struggle to handle unexpected expenses",Yes,"Electric fan, Table fan "
250,Male,25,5 feet 5 inch,102 kg,Higher Secondary,Unmarried,Businessman,Middle,7 h,Yes,Yes,"Dehydration, Fever, Asmah",Yes,"Increased stress, Uncomfortable",Yes,"No, my eating habits remain the same","Cold Drinks, Water, Fruits",4 liter,"Yes, I drink more water","□Reduced physical stamina, Difficulty concentrating","No, my productivity remains the same","No, no specific support or accommodations provided",I earn less,"Yes, increased utility bills (e.g., air conditioning,fan)","No, I would struggle to handle unexpected expenses",Yes,"Electric fan, Home made fan"
251,Male,38,5'2,58,Graduate,Married,Manager ,Rich,10,Yes,Yes,"Heatstroke, Fever",Yes,"Increased stress, Lack of focus",Yes,"Yes, I eat less","Water, Saline, Fruits",5 liter,"Yes, I drink more water","□Reduced physical stamina, Difficulty concentrating","No, my productivity remains the same","Yes, frequent breaks and access to shaded areas",Remaining same,"Yes, increased utility bills (e.g., air conditioning,fan)","Yes, I have savings or a financial safety net",Yes,"Electric fan, Charging fan, Air condition"
252,Female,34,5'3,65,Graduate,Married,House wife ,Rich,11,Yes,Yes,"Dehydration, Fever, Skin problems",Yes,"Increased stress, Lack of focus",Yes,"Yes, I eat less","Water, Saline, Fruits",5 liter,"Yes, I drink more water","Decreased energy levels, □Reduced physical stamina","No, my productivity remains the same","Yes, frequent breaks and access to shaded areas",Remaining same,"Yes, increased utility bills (e.g., air conditioning,fan)","Yes, I have savings or a financial safety net",Yes,"Electric fan, Charging fan, Air condition"
253,Male,53,5'2,72,Higher Secondary,Married,Business man,Rich,12,Yes,Yes,"Dehydration, Heatstroke",Yes,"Increased stress, Anxiety, Lack of focus",No,"Yes, I eat less","Water, Saline",5 liter,"Yes, I drink more water","Decreased energy levels, Difficulty concentrating","Yes, my productivity decreases","Yes, frequent breaks and access to shaded areas",I earn less,"Yes, increased utility bills (e.g., air conditioning,fan)","Yes, I have savings or a financial safety net",Yes,"Electric fan, Charging fan, Home made fan"
254,Female,64,4'9,52,Primary,Married,House wife ,Rich,11,Yes,Yes,"Heatstroke, Fever, Skin problems",Yes,"Increased stress, Anxiety, Lack of focus",No,"Yes, I eat less","Water, Fruits",More than 5 liter,"Yes, I drink more water","Decreased energy levels, □Reduced physical stamina","No, my productivity remains the same","Yes, frequent breaks and access to shaded areas",Remaining same,"Yes, increased utility bills (e.g., air conditioning,fan)","No, I would struggle to handle unexpected expenses",Yes,"Electric fan, Charging fan, Home made fan"
255,Female,35,5'4,68,Graduate,Married,House wife ,Rich,12,Yes,Yes,"Dehydration, Fever, Skin problems",Yes,"Increased stress, Anxiety, Depression",No,"No, my eating habits remain the same","Water, Saline",4 liter,"Yes, I drink more water",No noticeable impact,"No, my productivity remains the same","Yes, frequent breaks and access to shaded areas",Remaining same,"Yes, increased utility bills (e.g., air conditioning,fan)","No, I would struggle to handle unexpected expenses",Yes,"Electric fan, Charging fan, Home made fan"
256,Female,29,5'2,59,Higher Secondary,Married,House wife ,Middle,11,Yes,Yes,"Dehydration, Heatstroke, Fever",Yes,"Increased stress, Decreased motivation, Anxiety",No,"Yes, I eat less","Water, Saline",4 liter,"Yes, I drink more water","Decreased energy levels, □Reduced physical stamina","No, my productivity remains the same","Yes, frequent breaks and access to shaded areas",Remaining same,"Yes, increased utility bills (e.g., air conditioning,fan)","No, I would struggle to handle unexpected expenses",Yes,"Electric fan, Charging fan, Home made fan"
257,Female,25,4'10,53,Graduate,Unmarried,Student,Middle,10,Yes,Yes,"Dehydration, Heatstroke, Fever, Skin problems",Yes,"Increased stress, Decreased motivation, Lack of focus",Yes,"Yes, I eat less","Water, Saline, Fruits",4 liter,"Yes, I drink more water","Decreased energy levels, □Reduced physical stamina","No, my productivity remains the same","Yes, frequent breaks and access to shaded areas",Remaining same,"Yes, increased utility bills (e.g., air conditioning,fan)","No, I would struggle to handle unexpected expenses",Yes,"Electric fan, Home made fan"
258,Male,46,5'6,67,Secondary,Married,Service Holder,Middle,9,Yes,Yes,"Heatstroke, Fever",Yes,"Increased stress, Decreased motivation, Lack of focus",No,"No, my eating habits remain the same","Water, Saline",4 liter,"Yes, I drink more water","Decreased energy levels, Difficulty concentrating","No, my productivity remains the same","No, no specific support or accommodations provided",Remaining same,"Yes, increased utility bills (e.g., air conditioning,fan)","No, I would struggle to handle unexpected expenses",Yes,"Electric fan, Charging fan, Home made fan"
259,Male,35,5'6,72,Secondary,Married,Service Holder,Middle,10,Yes,Yes,"Heatstroke, Fever, Skin problems",Yes,"Anxiety, Lack of focus",No,"No, my eating habits remain the same",Water,3 liter,"No, my fluid intake remains the same","Decreased energy levels, Difficulty concentrating","No, my productivity remains the same","No, no specific support or accommodations provided",Remaining same,"Yes, increased utility bills (e.g., air conditioning,fan)","Yes, I have savings or a financial safety net",Yes,"Electric fan, Charging fan, Home made fan"
260,Female,43,5'1,59,Graduate,Married,Teacher ,Middle,10,Yes,Yes,"Dehydration, Fever, Skin problems",Yes,"Anxiety, Lack of focus",No,"Yes, I eat less","Water, Saline, Fruits",5 liter,"Yes, I drink more water","Decreased energy levels, Difficulty concentrating","No, my productivity remains the same","Yes, frequent breaks and access to shaded areas",Remaining same,"Yes, increased utility bills (e.g., air conditioning,fan)","Yes, I have savings or a financial safety net",Yes,"Electric fan, Home made fan"
261,Male,55,5'5,68,Primary,Married,Rickshawpuller,Poorest,12,Yes,Yes,"Dehydration, Fever, Vomit",Yes,"Anxiety, Depression",No,"No, my eating habits remain the same",Water,5 liter,"Yes, I drink more water","Decreased energy levels, □Reduced physical stamina","Yes, my productivity decreases","No, no specific support or accommodations provided",I earn less,"Yes, increased utility bills (e.g., air conditioning,fan)","No, I would struggle to handle unexpected expenses",Yes,"Home made fan, Table fan "
262,Male,48,5,62,Secondary,Married,Construction Worker,Poor,11,Yes,Yes,"Heatstroke, Fever",Yes,"Increased stress, Lack of focus",No,"No, my eating habits remain the same","Water, Saline",5 liter,"Yes, I drink more water","Decreased energy levels, □Reduced physical stamina","Yes, my productivity decreases","No, no specific support or accommodations provided",I earn less,"Yes, increased utility bills (e.g., air conditioning,fan)","No, I would struggle to handle unexpected expenses",Yes,"Electric fan, Home made fan"
263,Female,38,5'1,57,Primary,Married,Day labour,Poor,12,Yes,Yes,"Dehydration, Fever, Skin problems",Yes,"Increased stress, Lack of focus",No,"No, my eating habits remain the same",Water,More than 5 liter,"Yes, I drink more water","Decreased energy levels, □Reduced physical stamina","Yes, my productivity decreases","No, no specific support or accommodations provided",I earn less,"Yes, increased utility bills (e.g., air conditioning,fan)","No, I would struggle to handle unexpected expenses",Yes,"Electric fan, Home made fan"
264,Female,32,5'4,51,Graduate,Married,Teacher ,Middle,8,Yes,Yes,"Dehydration, Heatstroke, Skin problems",Yes,"Decreased motivation, Anxiety, Lack of focus",No,"Yes, I eat less","Water, Saline",Less than 2 liter,"No, my fluid intake remains the same","Decreased energy levels, □Reduced physical stamina","No, my productivity remains the same","Yes, frequent breaks and access to shaded areas",Remaining same,"Yes, increased utility bills (e.g., air conditioning,fan)","No, I would struggle to handle unexpected expenses",Yes,"Electric fan, Charging fan, Home made fan"
265,Female,33,5'2,62,Graduate,Married,Teacher ,Middle,9,Yes,Yes,"Dehydration, Heatstroke",Yes,"Increased stress, Anxiety, Lack of focus",No,"No, my eating habits remain the same","Water, Saline",5 liter,"Yes, I drink more water","Decreased energy levels, □Reduced physical stamina","No, my productivity remains the same","Yes, frequent breaks and access to shaded areas",Remaining same,"Yes, increased utility bills (e.g., air conditioning,fan)","Yes, I have savings or a financial safety net",Yes,"Electric fan, Charging fan, Home made fan"
266,Male,30,5'5,62,Graduate,Unmarried,Student,Middle,12,Yes,Yes,"Dehydration, Heatstroke, Skin problems",Yes,"Anxiety, Lack of focus",No,"No, my eating habits remain the same","Water, Saline",5 liter,"Yes, I drink more water",No noticeable impact,"No, my productivity remains the same","Yes, frequent breaks and access to shaded areas",Remaining same,"Yes, increased utility bills (e.g., air conditioning,fan)","No, I would struggle to handle unexpected expenses",Yes,Electric fan
267,Male,34,5'7,73,Primary,Married,Rickshawpuller,Poor,12,Yes,Yes,"Heatstroke, Fever",Yes,"Decreased motivation, Anxiety",No,"Yes, I eat less","Water, Saline",4 liter,"Yes, I drink more water","□Reduced physical stamina, Difficulty concentrating","Yes, my productivity decreases","Yes, frequent breaks and access to shaded areas",I earn less,"Yes, increased utility bills (e.g., air conditioning,fan)","No, I would struggle to handle unexpected expenses",Yes,"Electric fan, Home made fan"
268,Male,36,5'6,65,Illiterate,Married,Farmer,Poor,9,Yes,Yes,"Dehydration, Heatstroke",Yes,"Increased stress, Depression",No,"No, my eating habits remain the same",Water,5 liter,"Yes, I drink more water","Decreased energy levels, □Reduced physical stamina","Yes, my productivity decreases","Yes, frequent breaks and access to shaded areas",I earn less,"Yes, increased utility bills (e.g., air conditioning,fan)","No, I would struggle to handle unexpected expenses",Yes,"Electric fan, Home made fan"
269,Female,48,5'2,59,Secondary,Married,Teacher ,Poor,8,Yes,Yes,"Dehydration, Fever, Skin problems",Yes,"Increased stress, Lack of focus",Yes,"Yes, I eat less",Water,5 liter,"Yes, I drink more water",No noticeable impact,"No, my productivity remains the same","No, no specific support or accommodations provided",Remaining same,"Yes, increased utility bills (e.g., air conditioning,fan)","No, I would struggle to handle unexpected expenses",Yes,"Electric fan, Home made fan"
270,Male,28,"5'5""",64,Illiterate,Unmarried,Construction Worker,Poor,8 hour,Yes,Yes,"Dehydration, Fever, Skin problems, Muscle cramps",Yes,"Increased stress, Lack of focus",No,"No, my eating habits remain the same","Cold Drinks, Water",4 liter,"Yes, I drink more water","□Reduced physical stamina, Difficulty concentrating","Yes, my productivity decreases","Yes, frequent breaks and access to shaded areas",I earn less,"Yes, increased utility bills (e.g., air conditioning,fan)","No, I would struggle to handle unexpected expenses",Yes,"Electric fan, Home made fan"
271,Male,46,"5'3""",63,Secondary,Married,Construction Worker,Poor,8 hour,Yes,Yes,"Dehydration, Heatstroke, Fever, Muscle cramps",Yes,Increased stress,No,"Yes, I eat more","Water, Saline",4 liter,"Yes, I drink more water","Decreased energy levels, □Reduced physical stamina, Difficulty concentrating","Yes, my productivity decreases","Yes, frequent breaks and access to shaded areas",I earn less,"Yes, increased utility bills (e.g., air conditioning,fan)","No, I would struggle to handle unexpected expenses",Yes,"Electric fan, Home made fan"
272,Female,38,"5'0""",54,Higher Secondary,Married,Teacher,Middle,6 hour,Yes,Yes,"Dehydration, Skin problems",Yes,"Anxiety, Lack of focus",No,"No, my eating habits remain the same","Cold Drinks, Water",3 liter,"Yes, I drink more water","Decreased energy levels, Difficulty concentrating","Yes, my productivity decreases","Yes, frequent breaks and access to shaded areas",Remaining same,"Yes, increased utility bills (e.g., air conditioning,fan)","Yes, I have savings or a financial safety net",Yes,"Electric fan, Charging fan, Home made fan"
273,Male,36,"5'4""",64,Graduate,Married,Teacher,Middle,6 hour,Yes,Yes,"Dehydration, headace",Yes,"Increased stress, Anxiety, Lack of focus",No,"No, my eating habits remain the same",Water,4 liter,"Yes, I drink more water","Decreased energy levels, □Reduced physical stamina","No, my productivity remains the same","Yes, frequent breaks and access to shaded areas",Remaining same,"Yes, increased utility bills (e.g., air conditioning,fan)","No, I would struggle to handle unexpected expenses",Yes,"Electric fan, Charging fan, Home made fan"
274,Male,32,"5'6""",68,Graduate,Married,Teacher,Middle,7h,Yes,Yes,"Dehydration, headache ",Yes,"Anxiety, Depression, Lack of focus",No,"No, my eating habits remain the same","Cold Drinks, Water",4 liter,"Yes, I drink more water","Decreased energy levels, □Reduced physical stamina, Difficulty concentrating","No, my productivity remains the same","Yes, frequent breaks and access to shaded areas",Remaining same,"Yes, increased utility bills (e.g., air conditioning,fan)","Yes, I have savings or a financial safety net",Yes,"Electric fan, Charging fan, Home made fan"
275,Male,52,"5'5""",60,Primary,Married,Farmer,Poor,6h,Yes,Yes,"Dehydration, Skin problems",Yes,"Anxiety, Lack of focus",No,"No, my eating habits remain the same","Water, Saline",4 liter,"Yes, I drink more water","Decreased energy levels, □Reduced physical stamina, Difficulty concentrating","Yes, my productivity decreases","Yes, frequent breaks and access to shaded areas",I earn less,"Yes, increased utility bills (e.g., air conditioning,fan)","No, I would struggle to handle unexpected expenses",Yes,"Electric fan, Home made fan"
276,Female,42,"5'4""",62,Higher Secondary,Married,House wife,Poor,8 hour,Yes,Yes,"Dehydration, headache ",Yes,"Anxiety, Lack of focus",No,"Yes, I eat less",Water,3 liter,"Yes, I drink more water",Difficulty concentrating,"No, my productivity remains the same","Yes, frequent breaks and access to shaded areas",Remaining same,"Yes, increased utility bills (e.g., air conditioning,fan)","No, I would struggle to handle unexpected expenses",Yes,"Electric fan, Home made fan"
277,Male,45,"5'3""",68,Illiterate,Married,Farmer,Poorest,7,Yes,Yes,"Dehydration, Skin problems, headache ",Yes,Anxiety,No,"No, my eating habits remain the same",Water,4 liter,"Yes, I drink more water","Decreased energy levels, Difficulty concentrating","Yes, my productivity decreases","Yes, frequent breaks and access to shaded areas",I earn less,"Yes, increased utility bills (e.g., air conditioning,fan)","No, I would struggle to handle unexpected expenses",Yes,"Electric fan, Home made fan"
278,Male,60,"5'6""",70kg,Higher Secondary,Married,Sales man,Poor,14,Yes,Yes,headache,Yes,"Anxiety, Lack of focus",No,"No, my eating habits remain the same",Water,4 liter,"Yes, I drink more water","Decreased energy levels, Difficulty concentrating","No, my productivity remains the same","No, no specific support or accommodations provided",Remaining same,"Yes, increased utility bills (e.g., air conditioning,fan)","No, I would struggle to handle unexpected expenses",Yes,"Electric fan, Home made fan"
279,Female,38,"5'2""",58,Secondary,Married,tailors ,Poor,8,Yes,Yes,headache,Yes,"Increased stress, Anxiety, Lack of focus",No,"No, my eating habits remain the same",Water,3 liter,"Yes, I drink more water",Difficulty concentrating,"No, my productivity remains the same","Yes, frequent breaks and access to shaded areas",Remaining same,"Yes, increased utility bills (e.g., air conditioning,fan)","No, I would struggle to handle unexpected expenses",Yes,"Electric fan, Home made fan"
280,Female,26,"5'1""",55,Higher Secondary,Married,House wife,Middle,6,Yes,Yes,"Dehydration, Skin problems",Yes,"Anxiety, Lack of focus",No,"No, my eating habits remain the same","Water, Saline",3 liter,"Yes, I drink more water",Difficulty concentrating,"No, my productivity remains the same","Yes, frequent breaks and access to shaded areas",Remaining same,"Yes, increased utility bills (e.g., air conditioning,fan)","No, I would struggle to handle unexpected expenses",Yes,"Electric fan, Home made fan"
281,Female,27,"5'0""",60,Higher Secondary,Married,Tailors,Middle,8hour,Yes,Yes,"Dehydration, Vomit, Skin problems",Yes,"Anxiety, Lack of focus",No,"No, my eating habits remain the same","Water, Saline",3 liter,"Yes, I drink more water","Decreased energy levels, Difficulty concentrating","Yes, my productivity decreases","Yes, frequent breaks and access to shaded areas",Remaining same,"Yes, increased utility bills (e.g., air conditioning,fan)","No, I would struggle to handle unexpected expenses",Yes,"Electric fan, Home made fan"
282,Male,47,5 feet 4 inch,62 kg,Graduate,Married,Teacher,Middle,8 h,Yes,Yes,"Dehydration, Fever",Yes,"Increased stress, Lack of focus, Uncomfortable ",Yes,"Yes, I eat less","Water, Fruits",4 liter,"Yes, I drink more water",□Reduced physical stamina,"No, my productivity remains the same","No, no specific support or accommodations provided",Remaining same,"No, no significant financial challenges","No, I would struggle to handle unexpected expenses",Yes,"Electric fan, Home made fan"
283,Male,40,5 feet 7 inch,64 kg,Primary,Married,Day labour,Poor,10 h,Yes,Yes,Dehydration,Yes,"Increased stress, Anxiety",Yes,"No, my eating habits remain the same","Water, Saline",More than 5 liter,"Yes, I drink more water","Difficulty concentrating, No noticeable impact","No, my productivity remains the same","Yes, frequent breaks and access to shaded areas",I earn less,"Yes, increased utility bills (e.g., air conditioning,fan)","No, I would struggle to handle unexpected expenses",Yes,"Electric fan, Home made fan"
284,Male,25,5 feet 2 inch,58 kg,Secondary,Unmarried,Sales man,Middle,9 h,Yes,Yes,"Dehydration, Fever",Yes,"Anxiety, Lack of focus",Yes,"No, my eating habits remain the same","Water, Fruits",3 liter,"Yes, I drink more water",Decreased energy levels,"Yes, my productivity decreases","Yes, frequent breaks and access to shaded areas",I earn more,"Yes, increased utility bills (e.g., air conditioning,fan)","No, I would struggle to handle unexpected expenses",Yes,"Electric fan, Charging fan, Air condition"
285,Female,27,5 feet,57 kg,Higher Secondary,Married,Housewife ,Middle,7 h,Yes,Yes,"Dehydration, Fever",Yes,"Increased stress, Anxiety",Yes,"Yes, I eat less",Water,3 liter,"Yes, I drink more water",Difficulty concentrating,"Yes, my productivity decreases","Yes, frequent breaks and access to shaded areas",Remaining same,"No, no significant financial challenges","No, I would struggle to handle unexpected expenses",Yes,"Electric fan, Charging fan, Home made fan"
286,Male,26,5 feet 3 inch,71 kg,Primary,Married,Construction Worker,Middle,8 h,Yes,Yes,"Dehydration, Skin problems",Yes,"Decreased motivation, Lack of focus",Yes,"Yes, I eat less","Cold Drinks, Water",More than 5 liter,"Yes, I drink more water",No noticeable impact,"Yes, my productivity decreases","Yes, frequent breaks and access to shaded areas",I earn less,"Yes, increased utility bills (e.g., air conditioning,fan)","No, I would struggle to handle unexpected expenses",Yes,"Electric fan, Home made fan"
287,Male,59,5 feet 5 inch,78 kg,Degree,Married,Business man,Rich,9 h,Yes,Yes,"Dehydration, Vomit, Skin problems",Yes,"Increased stress, Anxiety, Lack of focus",Yes,"No, my eating habits remain the same","Cold Drinks, Water, Fruits",4 liter,"Yes, I drink more water",Decreased energy levels,"Yes, my productivity decreases","No, no specific support or accommodations provided",I earn less,"Yes, increased utility bills (e.g., air conditioning,fan)","No, I would struggle to handle unexpected expenses",Yes,"Electric fan, Home made fan"
288,Male,30,5 feet 7 inch,82 kg,Primary,Married,Rickshawpuller,Poor,10 h,Yes,Yes,Dehydration,Yes,"Increased stress, Decreased motivation, Anxiety",Yes,"No, my eating habits remain the same","Water, Saline",5 liter,"Yes, I drink more water",Decreased energy levels,"Yes, my productivity decreases","Yes, frequent breaks and access to shaded areas",I earn more,"Yes, increased utility bills (e.g., air conditioning,fan)","No, I would struggle to handle unexpected expenses",Yes,Home made fan
289,Male,43,5 feet,67 kg,Primary,Married,Rickshawpuller,Poor,11 h,Yes,Yes,,Yes,Uncomfortable ,Yes,"Yes, I eat less","Cold Drinks, Water",More than 5 liter,"Yes, I drink more water",No noticeable impact,"No, my productivity remains the same","Yes, frequent breaks and access to shaded areas",I earn more,"Yes, increased utility bills (e.g., air conditioning,fan)","No, I would struggle to handle unexpected expenses",Yes,"Electric fan, Home made fan"
290,Male,35,5 feet 7 inch,79 kg,Secondary,Married,Farmer,Middle,10,Yes,Yes,Dehydration,Yes,"Decreased motivation, Lack of focus",Yes,"Yes, I eat less","Water, Saline",5 liter,"Yes, I drink more water","Decreased energy levels, □Reduced physical stamina","Yes, my productivity decreases","Yes, frequent breaks and access to shaded areas",I earn less,"Yes, increased utility bills (e.g., air conditioning,fan)","No, I would struggle to handle unexpected expenses",Yes,"Electric fan, Charging fan, Home made fan"
291,Male,43,5 feet 6 inch,74 kg,Primary,Married,Construction Worker,Poor,10 h,Yes,Yes,,Yes,Lack of focus,Yes,"No, my eating habits remain the same",Water,4 liter,"Yes, I drink more water",Decreased energy levels,"Yes, my productivity decreases","Yes, frequent breaks and access to shaded areas",Remaining same,"Yes, increased utility bills (e.g., air conditioning,fan)","No, I would struggle to handle unexpected expenses",Yes,"Electric fan, Home made fan"
292,Male,34,5 feet 5 inch,72 kg,Graduate,Married,Private job,Middle,8 h,Yes,Yes,"Dehydration, Fever",Yes,"Increased stress, Lack of focus",Yes,"Yes, I eat less","Cold Drinks, Water, Fruits",5 liter,"Yes, I drink more water",□Reduced physical stamina,"Yes, my productivity decreases","Yes, frequent breaks and access to shaded areas",Remaining same,"Yes, increased utility bills (e.g., air conditioning,fan)","Yes, I have savings or a financial safety net",Yes,"Electric fan, Charging fan, Home made fan"
293,Male,54,5 feet 8 inch,106 kg,Secondary,Married,Businessmen ,Rich,8 h,Yes,Yes,"Dehydration, Fever",Yes,"Increased stress, Anxiety, Lack of focus, Uncomfortable ",Yes,"Yes, I eat less","Cold Drinks, Water, Fruits",More than 5 liter,"Yes, I drink more water",□Reduced physical stamina,"Yes, my productivity decreases","Yes, frequent breaks and access to shaded areas",I earn more,"Yes, increased utility bills (e.g., air conditioning,fan)","Yes, I have savings or a financial safety net",Yes,"Electric fan, Charging fan, Air condition, Home made fan"
294,Male,30,5 feet 4 inch,68.kg,Primary,Married,Rickshawpuller,Poor,12 h,Yes,Yes,"Dehydration, Asthma",Yes,"Increased stress, Decreased motivation",Yes,"Yes, I eat less","Cold Drinks, Water",4 liter,"Yes, I drink more water",Decreased energy levels,"Yes, my productivity decreases","No, no specific support or accommodations provided",I earn more,"Yes, increased utility bills (e.g., air conditioning,fan)","No, I would struggle to handle unexpected expenses",Yes,"Electric fan, Home made fan"
295,Male,27,5 feet 4 inch,57 kg,Primary,Married,Rickshawpuller,Poor,12,Yes,Yes,"Dehydration, Head pain",Yes,"Anxiety, Depression",Yes,"No, my eating habits remain the same",Water,3 liter,"Yes, I drink more water",No noticeable impact,"Yes, my productivity decreases","Yes, frequent breaks and access to shaded areas",I earn less,"Yes, increased utility bills (e.g., air conditioning,fan)","No, I would struggle to handle unexpected expenses",Yes,"Electric fan, Charging fan, Home made fan"
296,Male,27,5.7,72,Higher Secondary,Unmarried,Student,Middle,1.5,Yes,Yes,Headache,Yes,Depression,No,"No, my eating habits remain the same",,Less than 2 liter,"Yes, I drink more water",No noticeable impact,"No, my productivity remains the same","No, no specific support or accommodations provided",Remaining same,"No, no significant financial challenges","No, I would struggle to handle unexpected expenses",Yes,Electric fan
297,Female,28,5.2,52,Graduate,Married,Service Holder,Rich,8,Yes,Yes,"Dehydration, Skin problems",Yes,"Increased stress, Depression, Lack of focus",Yes,"Yes, I eat less","Cold Drinks, Fruits",3 liter,"Yes, I drink more water","Decreased energy levels, Reduced physical stamina, Difficulty concentrating","Yes, my productivity decreases","Yes, provision of personal protective equipment (PPE) suitable for heat",Remaining same,"Yes, additional costs for personal protective equipment suitable for heat","Yes, I have savings or a financial safety net",Yes,"Electric fan, Charging fan, Air condition"
298,Male,36,5.3,65,Primary,Married,Day labour,Poor,8,Yes,No,No,No,No,No,"No, my eating habits remain the same","Water, Saline",3 liter,"Yes, I drink more water",No noticeable impact,"No, my productivity remains the same","No, no specific support or accommodations provided",I earn less,"Yes, increased utility bills (e.g., air conditioning,fan)","No, I would struggle to handle unexpected expenses",Yes,Electric fan
299,Male,50,5.4,65,Secondary,Married,Farmer,Poor,7,Yes,No,No,No,No,No,"No, my eating habits remain the same","Water, Fruits",3 liter,"Yes, I drink more water",No noticeable impact,"No, my productivity remains the same","No, no specific support or accommodations provided",I earn less,"Yes, increased utility bills (e.g., air conditioning,fan)","No, I would struggle to handle unexpected expenses",Yes,"Electric fan, Charging fan"
300,Female,24,5.3,49,Higher Secondary,Unmarried,Student,Middle,3,Yes,Yes,"Dehydration, Skin problems",Yes,"Anxiety, Depression, Lack of focus",Yes,"Yes, I eat less","Cold Drinks, Fruits",Less than 2 liter,"Yes, I drink more water",Decreased energy levels,"Yes, my productivity decreases","No, no specific support or accommodations provided",Remaining same,"Yes, increased utility bills (e.g., air conditioning,fan)","No, I would struggle to handle unexpected expenses",Yes,Electric fan
